Id,LotFrontage,Neighborhood,OverallQual,YearBuilt,YearRemodAdd,KitchenQual,Fireplaces,GarageCars,GarageArea,SalePrice
0,64,BrkSide,3,1935,2003,TA,0,0,27,52169.82592
1,88,ClearCr,6,1968,1968,TA,1,2,549,156971.3626
2,,Sawyer,5,1961,1961,TA,0,2,759,123374.4966
3,73,Somerst,7,2006,2006,Gd,0,2,641,197036.9519
4,66,Edwards,5,1910,1996,TA,0,0,27,81062.33038
5,,NoRidge,6,1990,1991,Gd,2,2,500,276191.0472
6,90,Mitchel,7,1988,1989,TA,0,3,793,171189.0564
7,73,NridgHt,9,2008,2008,Ex,1,3,1079,367388.5651
8,,Somerst,7,2002,2002,TA,1,2,496,211129.7023
9,68,IDOTRR,5,1910,2004,TA,0,1,417,109400.4301
10,,NWAmes,6,1967,1967,TA,0,2,562,192902.6514
11,65,OldTown,6,1915,1950,TA,0,2,603,148180.1662
12,58,IDOTRR,6,1926,1950,TA,0,2,533,143914.1017
13,85,NAmes,4,1959,1959,TA,0,0,27,128995.9018
14,99,CollgCr,9,2008,2008,Ex,2,3,1375,353320.2689
15,106,NoRidge,8,1998,1999,Gd,1,3,703,336035.9639
16,38,Somerst,7,2007,2007,Gd,0,2,567,146612.7594
17,,SawyerW,6,1994,1994,Gd,0,2,499,151767.481
18,68,CollgCr,4,1994,1995,TA,0,0,27,123630.8315
19,,Gilbert,7,2002,2003,Gd,1,2,427,193841.6201
20,73,Edwards,6,1976,1976,TA,1,2,507,148451.3223
21,68,Edwards,4,1940,1950,TA,1,1,323,108119.9179
22,78,NAmes,5,1956,1956,TA,0,1,331,122315.3524
23,,Veenker,7,1974,2003,Gd,2,2,545,294215.711
24,29,BrDale,6,1971,1971,TA,0,0,27,91544.69231
25,68,SawyerW,4,1950,1950,TA,0,1,321,82078.49214
26,53,StoneBr,8,1997,1997,Gd,1,2,555,252766.8491
27,58,BrkSide,6,1939,1950,TA,0,1,267,112617.8647
28,68,Edwards,5,1924,1950,TA,0,1,419,104968.7613
29,84,NridgHt,8,2004,2005,Gd,1,3,879,317107.7539
30,73,NAmes,4,1920,1994,TA,0,2,703,105340.6755
31,87,Somerst,7,2007,2007,Ex,1,3,813,312034.8205
32,96,CollgCr,7,2002,2002,Gd,1,2,557,221067.4802
33,98,SawyerW,7,1990,1991,Gd,1,3,728,272074.3698
34,,NAmes,4,1972,1972,TA,0,2,603,111250.4868
35,63,SWISU,5,1911,1950,TA,0,0,27,130399.966
36,,BrkSide,6,1916,1994,Gd,0,2,468,214557.9067
37,108,NAmes,6,1964,1964,TA,0,2,499,167067.863
38,75,Edwards,4,1910,2000,TA,0,2,555,113590.8337
39,59,Gilbert,6,2005,2005,Gd,0,2,427,176304.4967
40,83,Somerst,8,2006,2007,Gd,1,2,719,222125.6681
41,75,Edwards,5,1925,1950,TA,0,0,27,98390.29513
42,78,NAmes,5,1961,1961,TA,0,1,315,130051.1642
43,67,OldTown,6,1910,2003,Gd,0,1,282,117149.4097
44,93,NAmes,5,1940,1996,TA,0,2,539,126593.9209
45,108,Somerst,9,2006,2006,Ex,1,3,819,386010.2751
46,98,NridgHt,9,2005,2005,Ex,1,3,757,287597.5265
47,29,BrDale,5,1971,1971,TA,0,1,307,112001.414
48,83,NAmes,6,1964,1964,TA,0,2,531,145031.6647
49,65,Crawfor,6,1928,1950,TA,1,2,369,177042.6071
50,82,NAmes,5,1956,2000,TA,0,1,335,129087.1668
51,,ClearCr,6,1958,2006,Gd,2,2,416,277174.1046
52,68,OldTown,5,1895,1999,Gd,0,0,27,132804.7253
53,,NAmes,5,1960,2000,Gd,0,1,291,149802.586
54,58,BrkSide,5,1941,2006,Gd,0,1,267,119196.7961
55,,NAmes,5,1956,1956,TA,1,2,603,163014.6818
56,157,Timber,6,1958,1995,Gd,1,2,488,221918.9193
57,108,Mitchel,5,1954,1954,TA,0,2,547,113307.4414
58,84,OldTown,4,1949,2002,TA,1,1,411,116279.8511
59,138,NridgHt,8,2001,2002,Gd,1,3,773,352968.2658
60,,CollgCr,6,2003,2004,Gd,0,2,447,144123.757
61,64,Edwards,5,1922,1950,TA,0,0,27,99974.42809
62,,Gilbert,7,1994,1996,Gd,1,2,436,194621.6856
63,108,ClearCr,5,1959,1959,TA,2,1,392,158033.6181
64,51,Blmngtn,8,2004,2005,Gd,1,2,457,192049.5387
65,65,IDOTRR,7,1930,1950,Gd,1,1,307,139402.1315
66,38,OldTown,5,1925,2004,TA,0,2,531,73038.84824
67,88,NWAmes,7,1974,1974,TA,1,2,525,199430.9476
68,102,OldTown,5,1925,1975,TA,1,3,1035,200657.2446
69,58,NAmes,6,1947,1950,TA,0,2,676,133807.3936
70,68,NAmes,6,1952,1952,TA,0,2,437,125471.1337
71,88,NAmes,6,1953,1953,TA,2,2,445,167367.1169
72,33,Somerst,7,2004,2005,Gd,1,2,533,230227.9707
73,98,NAmes,7,1969,1969,TA,1,2,533,197812.4997
74,,NAmes,5,1959,1959,TA,0,1,321,106630.7128
75,58,SWISU,5,1936,1950,TA,0,1,207,79085.64984
76,108,Veenker,7,1974,1974,Gd,4,2,577,246975.7541
77,115,NridgHt,9,2008,2009,Ex,1,3,1047,582964.6761
78,71,SawyerW,7,2006,2006,Gd,0,0,27,143471.131
79,68,OldTown,5,1920,1950,Gd,0,2,603,98789.17954
80,115,NridgHt,9,2007,2007,Ex,2,3,959,417460.0995
81,,SawyerW,6,1986,1986,TA,0,2,492,165350.1902
82,84,Mitchel,6,1977,1977,TA,1,1,385,171243.85
83,51,Blmngtn,7,2006,2006,Gd,0,2,464,163313.4828
84,32,Edwards,7,2004,2004,Gd,0,2,407,137535.1298
85,75,Edwards,5,1910,1950,TA,0,0,27,85000.88721
86,,Crawfor,7,1939,2006,Gd,2,2,458,311506.5771
87,,Gilbert,6,2000,2000,TA,1,2,458,196660.0986
88,98,Veenker,5,1976,2004,Gd,1,2,555,218111.0852
89,74,Somerst,7,1997,1998,Gd,1,2,603,239292.1907
90,29,BrDale,6,1973,1973,TA,0,1,291,83018.31655
91,88,Gilbert,6,2004,2004,Gd,1,2,420,172327.5446
92,,Mitchel,7,1975,1975,TA,0,1,387,144162.0841
93,86,Edwards,5,1962,1962,TA,1,2,555,180064.2749
94,113,CollgCr,6,1995,1995,Gd,0,2,548,177552.3051
95,118,NridgHt,9,2003,2003,Ex,1,3,913,407050.1634
96,,SawyerW,7,1993,2003,Gd,0,2,484,194632.6633
97,80,Edwards,6,1976,1976,TA,1,1,379,125058.7509
98,88,NAmes,5,1959,1959,TA,0,1,315,129580.1495
99,56,NridgHt,8,2006,2006,Gd,1,2,577,254079.9648
100,86,CollgCr,7,2005,2005,Gd,0,2,687,260039.9998
101,68,NAmes,6,1934,1950,TA,1,1,267,127308.2657
102,56,NridgHt,9,2005,2005,Ex,1,2,583,269524.7304
103,48,Crawfor,5,1913,2002,Gd,1,1,379,90510.20064
104,56,NridgHt,7,2003,2003,Gd,1,2,505,208341.9747
105,80,Somerst,7,2007,2008,Gd,0,2,556,250701.43
106,68,SWISU,5,1937,1950,Gd,2,1,267,175069.2452
107,103,CollgCr,7,2002,2002,Gd,0,2,519,200192.1291
108,65,NAmes,5,1953,1953,TA,0,1,267,110206.771
109,,NAmes,6,1964,1964,TA,1,2,457,183018.1193
110,58,SawyerW,6,1984,1984,TA,0,1,291,125243.9902
111,42,NridgHt,6,2005,2005,Gd,1,2,651,196054.1793
112,73,SawyerW,7,2005,2005,Gd,0,2,489,189292.8536
113,,CollgCr,7,2001,2001,Gd,0,2,635,205286.1017
114,73,SawyerW,7,2000,2001,TA,0,2,566,179214.2886
115,77,SWISU,6,1920,1950,TA,0,1,243,141555.6268
116,112,NoRidge,10,1994,1995,Ex,2,3,859,755318.2522
117,,Gilbert,6,1950,1950,TA,1,2,765,174107.2764
118,59,BrkSide,4,1946,1950,TA,0,1,332,121606.2095
119,84,SawyerW,7,2004,2004,Gd,0,2,645,233386.8555
120,68,OldTown,5,1952,1952,TA,0,2,427,124639.69
121,63,CollgCr,5,1976,1976,TA,0,2,603,132562.5519
122,,Sawyer,5,1959,1959,TA,0,0,27,80368.63979
123,43,OldTown,5,1910,1950,TA,0,2,507,111995.2284
124,,NWAmes,7,1968,1968,TA,1,2,513,176194.5677
125,80,NridgHt,9,2003,2004,Ex,1,3,901,374245.2031
126,88,NAmes,6,1963,1984,TA,1,2,467,184215.2171
127,86,Sawyer,5,1968,1993,TA,1,2,467,180023.1658
128,,CollgCr,5,1975,1980,TA,0,1,335,130256.836
129,102,Mitchel,6,1971,1971,TA,0,0,27,139000.0493
130,86,CollgCr,8,2005,2006,Ex,0,3,781,286107.1319
131,40,Mitchel,6,1998,1998,TA,0,2,439,162054.5903
132,85,SawyerW,6,1985,1985,Gd,1,2,503,178265.4407
133,83,Sawyer,5,1961,2007,Gd,1,1,447,130338.5356
134,,Gilbert,6,1992,1992,Gd,0,2,427,173015.5102
135,98,OldTown,5,1954,2000,Gd,0,1,353,117020.0856
136,58,OldTown,5,1938,1996,TA,0,1,300,91497.35103
137,,Timber,8,2001,2001,Gd,0,2,498,198093.5724
138,92,SWISU,5,1939,1950,TA,2,1,267,135603.2491
139,81,NAmes,5,1957,1957,TA,0,1,335,129921.9371
140,88,SawyerW,8,1995,1995,Gd,1,2,493,239570.6347
141,93,NAmes,6,1969,1969,TA,2,2,603,207189.2679
142,78,NAmes,5,1958,1958,TA,1,1,365,143017.3809
143,73,CollgCr,7,2003,2004,Gd,1,2,461,219546.5205
144,87,Timber,8,2007,2007,Gd,1,2,547,252232.4452
145,65,Edwards,5,1947,1993,TA,0,0,27,103446.9667
146,45,CollgCr,6,2004,2004,Gd,1,2,447,156037.6527
147,76,OldTown,7,1915,1994,TA,0,1,243,144567.494
148,83,NAmes,8,1972,1995,Ex,3,2,565,345028.4979
149,,Gilbert,6,1993,1994,Gd,1,2,447,165655.1221
150,76,Somerst,8,2000,2000,Gd,1,2,619,242877.0937
151,,NAmes,5,1961,1961,TA,1,2,467,146425.6297
152,75,Timber,7,2006,2007,Gd,0,2,460,206040.3626
153,88,NWAmes,7,1976,1976,TA,1,2,510,205142.3326
154,,NWAmes,6,1980,1980,TA,1,2,609,156879.7624
155,87,Crawfor,6,1951,1951,TA,1,1,371,142788.0211
156,,Crawfor,6,1953,1953,Gd,2,2,477,217013.6362
157,110,Gilbert,6,2006,2006,Gd,0,2,454,181586.2961
158,79,NAmes,5,1956,2003,Gd,0,1,279,131426.7789
159,68,OldTown,6,1915,2005,Gd,0,1,335,126636.6498
160,29,BrDale,6,1972,1972,TA,0,1,315,98575.08028
161,71,CollgCr,7,2004,2004,Gd,0,2,597,190040.5777
162,59,BrkSide,5,1930,1984,Gd,0,1,207,121859.2974
163,96,Sawyer,6,1977,1995,TA,1,2,519,151002.426
164,82,Somerst,8,2005,2005,Gd,0,2,511,247933.024
165,65,OldTown,5,1948,2005,TA,0,2,427,123020.8388
166,65,OldTown,6,1910,1950,TA,0,2,351,134678.4759
167,103,NridgHt,9,2009,2009,Ex,1,3,891,397183.71
168,38,Veenker,8,1995,1996,Ex,1,2,508,270143.3262
169,106,NridgHt,8,2007,2008,Gd,1,3,799,306248.2627
170,56,NWAmes,6,1979,1998,TA,1,2,462,181001.0287
171,58,Edwards,4,1945,1950,TA,0,1,267,98171.51688
172,90,SawyerW,6,1900,1993,TA,0,2,511,138862.1316
173,68,IDOTRR,4,1910,1950,TA,0,1,291,58331.14021
174,,Gilbert,6,2000,2000,TA,1,2,490,181136.0138
175,71,StoneBr,9,2006,2006,Gd,1,3,702,360320.232
176,203,Gilbert,5,1969,1990,TA,0,3,855,158972.883
177,57,OldTown,5,1955,1995,TA,0,2,747,125188.8116
178,104,NridgHt,8,2003,2004,Gd,1,3,757,306331.5215
179,78,SawyerW,6,1994,1994,Gd,0,2,498,201116.1079
180,,NWAmes,7,1977,1992,Gd,2,2,547,239672.9861
181,43,Edwards,6,2005,2006,TA,0,2,552,135728.1172
182,82,NoRidge,8,1998,1999,Gd,1,3,785,328541.4119
183,69,NWAmes,7,1979,1979,Gd,1,2,508,197409.13
184,63,Edwards,5,1935,1950,TA,1,1,287,99628.19507
185,,CollgCr,6,2004,2004,Gd,1,2,447,144549.2342
186,,Mitchel,5,1978,1978,Gd,1,2,629,165567.2885
187,98,Edwards,7,2003,2005,Gd,1,2,529,225046.9955
188,98,Crawfor,6,1956,2004,Ex,1,2,497,230109.5086
189,73,SWISU,4,1928,1950,Gd,2,2,603,135355.8445
190,,NWAmes,8,1996,1996,Gd,1,3,814,287412.8184
191,101,Gilbert,6,2000,2000,TA,1,2,478,186507.2408
192,94,IDOTRR,4,1923,1950,Gd,0,0,27,90054.95569
193,68,OldTown,6,1916,1950,Gd,1,1,243,136119.5886
194,78,Mitchel,5,1985,1986,TA,0,2,643,152047.3972
195,68,NAmes,4,1949,1996,TA,0,1,411,129109.0996
196,67,NoRidge,7,1996,1996,Gd,1,2,554,260618.1439
197,64,OldTown,5,1927,1950,TA,1,2,387,115015.7395
198,86,NAmes,5,1968,1968,TA,1,2,399,133016.0009
199,101,NAmes,7,1963,1999,TA,2,1,303,178659.1373
200,68,OldTown,5,1904,2002,Gd,1,2,713,157510.8269
201,130,CollgCr,9,2007,2007,Ex,0,2,729,239006.6548
202,,NoRidge,7,1992,2000,Gd,1,2,617,268007.9547
203,94,Crawfor,6,1918,1950,TA,1,3,891,239079.0212
204,87,Timber,9,2008,2008,Ex,0,3,912,290586.4529
205,58,IDOTRR,5,1951,1951,TA,0,0,27,77928.05543
206,,NWAmes,7,1980,1980,TA,2,2,615,187655.1651
207,73,IDOTRR,4,1957,1980,TA,0,2,747,102531.4472
208,73,Gilbert,7,2006,2006,Gd,0,2,467,174882.3851
209,118,NridgHt,8,2006,2006,Gd,1,3,922,395199.1063
210,78,CollgCr,7,2003,2003,Gd,0,2,572,198935.4626
211,68,CollgCr,5,1972,2000,Ex,0,2,603,129761.4322
212,,Sawyer,5,1954,1954,TA,1,1,381,165195.7986
213,79,Mitchel,6,1983,1983,TA,0,2,511,134017.5291
214,91,Mitchel,5,1969,2000,TA,1,2,531,152502.3502
215,84,NAmes,5,1958,1958,TA,0,2,522,141062.0172
216,32,BrDale,5,1973,1973,Gd,1,2,467,120183.35
217,101,CollgCr,8,2006,2007,Gd,0,3,921,283956.1253
218,,NAmes,4,1961,1961,TA,0,1,297,123428.3257
219,89,NWAmes,7,1978,1978,TA,1,2,509,174180.3911
220,96,NoRidge,8,1992,1993,Gd,1,3,740,285482.3475
221,115,NridgHt,8,2004,2005,Gd,1,3,889,280011.6964
222,71,OldTown,6,1910,1950,TA,0,1,255,122480.1354
223,83,Edwards,6,1954,1972,TA,0,1,352,136901.9498
224,,StoneBr,7,1984,1984,Gd,1,2,604,207626.5781
225,113,NridgHt,10,2008,2008,Ex,2,3,699,555399.4914
226,79,Gilbert,7,2000,2001,TA,1,2,458,212460.9068
227,71,IDOTRR,3,1918,1950,Fa,0,0,27,54909.71066
228,,Sawyer,5,1963,1963,TA,0,2,511,122929.2041
229,,Sawyer,5,1975,1981,TA,2,2,638,171336.5695
230,60,BrkSide,5,1936,1980,TA,0,2,651,120718.3615
231,,NAmes,5,1979,1979,TA,2,2,627,136114.8456
232,32,NPkVill,6,1976,1976,TA,1,2,467,144539.1351
233,88,NWAmes,6,1970,1970,TA,1,2,597,193611.2562
234,92,Somerst,8,2006,2006,Gd,1,3,1080,266185.456
235,79,NAmes,5,1957,1982,TA,1,1,328,105888.3393
236,100,NAmes,6,1961,1961,TA,1,2,557,186541.2248
237,86,CollgCr,6,2006,2006,Gd,1,2,467,176596.0802
238,106,NridgHt,8,2007,2007,Gd,0,3,932,276719.9767
239,72,CollgCr,7,2007,2007,Gd,0,2,655,195453.2557
240,108,Gilbert,6,1997,1998,TA,1,2,497,181178.5029
241,99,NWAmes,7,1984,1998,Gd,0,2,467,202701.1685
242,73,OldTown,5,1959,1959,Fa,0,1,335,112533.5973
243,78,NAmes,5,1955,1955,Gd,0,1,377,138106.7365
244,72,CollgCr,7,2006,2006,Gd,1,2,689,193959.9537
245,93,Somerst,7,2006,2007,Ex,1,3,738,275086.3843
246,97,NAmes,5,1952,1952,TA,1,1,267,141958.3773
247,87,NoRidge,7,1996,1997,Gd,1,3,916,265142.7661
248,148,Gilbert,4,1951,1951,TA,0,2,427,141180.6435
249,67,CollgCr,5,1976,1976,TA,1,2,397,139517.8592
250,88,Veenker,7,1980,1980,Gd,1,2,573,276821.1942
251,58,SawyerW,6,1990,1991,Gd,0,2,569,171872.3061
252,134,Crawfor,5,1951,1951,TA,1,2,427,138569.38
253,98,OldTown,2,1940,1950,Gd,0,0,27,58292.25843
254,105,CollgCr,5,1974,1974,TA,0,2,467,113599.4818
255,58,Gilbert,8,2005,2005,Gd,1,2,554,230807.2301
256,76,NAmes,4,1969,1969,TA,0,1,315,112969.3728
257,68,OldTown,4,1900,1954,TA,2,1,267,107726.4084
258,83,CollgCr,7,1998,1998,Gd,1,2,610,274366.8738
259,29,MeadowV,4,1970,1970,TA,0,0,27,79377.92571
260,,Gilbert,7,1995,1996,TA,1,2,427,168505.5851
261,78,CollgCr,7,1996,1996,Gd,1,2,539,191112.3798
262,98,OldTown,10,1892,1993,Ex,2,3,867,475127.0984
263,93,NWAmes,6,1975,1975,TA,1,2,461,180077.6347
264,32,Somerst,7,1999,2000,Gd,0,2,489,160070.1838
265,83,NWAmes,5,1965,1965,TA,0,2,511,141433.6107
266,44,NridgHt,7,2003,2004,Gd,0,2,501,173268.6631
267,107,Gilbert,7,1990,1990,TA,0,2,527,180500.5749
268,104,NridgHt,10,2006,2007,Ex,1,3,813,337766.9062
269,78,CollgCr,7,2002,2002,Gd,0,2,577,183348.2464
270,,Crawfor,6,1954,2006,Gd,1,2,951,224034.1464
271,108,NridgHt,9,2009,2010,Ex,2,3,847,611695.197
272,103,NridgHt,9,2008,2008,Ex,1,3,923,373957.8754
273,58,BrkSide,1,1946,1950,Fa,0,0,27,39442.0503
274,,CollgCr,6,1977,1977,TA,0,1,326,161966.32
275,32,Somerst,6,1999,1999,TA,0,2,467,165745.0086
276,125,NridgHt,8,2003,2004,Ex,1,3,712,387870.9768
277,83,CollgCr,6,1997,1998,Gd,1,2,535,208922.0325
278,82,Mitchel,6,1977,1977,Gd,1,2,500,172197.77
279,32,Blueste,6,1980,1980,TA,1,2,489,115212.1102
280,68,IDOTRR,5,1930,2007,Gd,0,1,243,107736.178
281,68,CollgCr,5,1972,1972,TA,0,1,379,127349.0097
282,82,NAmes,7,1962,1962,TA,0,2,555,137980.0894
283,83,Mitchel,6,1977,1977,TA,1,1,378,139345.4213
284,,Sawyer,5,1977,1977,TA,0,2,607,154158.4992
285,73,Gilbert,6,2005,2006,Gd,1,2,427,169342.4304
286,90,Sawyer,5,1951,1951,TA,1,1,315,125937.1221
287,115,OldTown,3,1900,1970,TA,0,2,447,95037.04784
288,95,NWAmes,5,1973,1973,TA,0,2,533,135266.047
289,83,Somerst,7,2005,2005,Gd,0,2,630,226718.3839
290,,NAmes,5,1969,1969,TA,0,1,326,138809.3367
291,,Mitchel,5,1970,1970,TA,0,3,955,150546.0721
292,83,Edwards,5,1954,1998,TA,0,1,393,143942.9031
293,100,Somerst,7,2009,2010,Gd,0,2,703,197145.4211
294,88,NAmes,6,1960,1960,TA,0,1,319,145376.4666
295,,Blmngtn,7,2004,2004,Gd,1,2,415,197485.9671
296,83,OldTown,7,1879,1987,TA,1,2,603,192054.0762
297,83,CollgCr,7,2005,2006,Gd,0,3,823,213384.7749
298,98,NAmes,6,1957,1957,TA,2,1,363,150015.2272
299,42,NridgHt,7,2007,2008,Gd,1,2,653,230341.6665
300,65,OldTown,4,1915,1950,TA,1,2,599,138788.9921
301,111,CollgCr,7,2007,2007,Gd,1,2,467,200303.0996
302,61,BrkSide,5,1950,1997,TA,0,1,390,136529.4607
303,91,NoRidge,8,2000,2000,Gd,1,3,795,293836.2373
304,57,OldTown,3,1955,2005,TA,0,1,247,126179.0238
305,68,SawyerW,6,1928,1950,TA,0,2,387,76061.97258
306,,Gilbert,6,1996,1996,TA,1,2,413,186180.8479
307,,CollgCr,7,1996,1997,Gd,1,2,494,219058.6519
308,68,NAmes,5,1952,1952,TA,0,1,267,109703.1877
309,78,CollgCr,7,2003,2003,Gd,1,2,637,223584.9913
310,,StoneBr,8,1984,1984,Gd,1,2,592,187597.5065
311,72,SawyerW,5,1979,1979,Gd,2,2,699,145027.05
312,128,CollgCr,5,1972,1972,TA,0,1,315,128509.5203
313,93,Sawyer,5,1958,1987,TA,0,1,327,140123.5665
314,58,SawyerW,6,1993,1994,Gd,0,2,501,179407.0374
315,132,Edwards,3,1938,1990,Fa,1,1,507,126891.8341
316,80,Somerst,7,2008,2008,Gd,0,2,652,207648.1379
317,122,NridgHt,10,2007,2008,Ex,1,3,1247,385103.9256
318,68,IDOTRR,4,1925,1950,TA,0,1,227,61836.01154
319,89,NoRidge,7,1994,1994,Gd,2,2,552,271132.4698
320,58,IDOTRR,6,1921,1975,TA,0,1,652,109555.9904
321,58,OldTown,2,1940,1950,TA,0,1,335,52888.41702
322,,SawyerW,4,1966,1966,TA,0,1,411,107076.9526
323,82,Sawyer,5,1982,1982,TA,0,2,555,137079.9696
324,,Sawyer,5,1984,1984,TA,0,2,533,142064.1888
325,93,Somerst,8,2006,2006,Gd,1,2,527,290212.6873
326,111,NridgHt,10,2003,2003,Ex,1,3,995,386366.9526
327,129,OldTown,8,1882,1986,Gd,1,2,451,168016.3178
328,,ClearCr,6,1984,1984,TA,1,2,579,191043.3706
329,58,OldTown,5,1957,1957,TA,0,1,315,112765.0558
330,93,NAmes,5,1958,1958,TA,0,3,915,110156.045
331,83,Somerst,8,2006,2007,Gd,1,3,922,147020.778
332,,Edwards,4,1957,1957,TA,0,1,317,84148.78494
333,78,Edwards,3,1931,2006,Gd,0,0,27,79174.3069
334,70,Mitchel,6,1993,1996,TA,0,1,456,128135.9804
335,80,Somerst,8,2006,2006,Gd,0,2,611,208388.2571
336,49,StoneBr,8,1993,1993,Gd,1,2,489,180172.2024
337,44,NridgHt,7,2003,2003,Gd,0,2,501,175641.9176
338,58,SawyerW,6,1991,1991,Gd,0,2,511,155816.0308
339,88,NAmes,6,1965,2000,Gd,2,1,326,172936.1473
340,103,Somerst,7,2007,2008,Gd,0,2,507,182195.3608
341,108,OldTown,5,1910,1950,Fa,0,0,27,88970.3792
342,,CollgCr,6,2004,2004,Gd,1,2,447,141038.0076
343,68,NAmes,5,1955,1967,TA,0,2,507,145517.0221
344,,NAmes,5,1964,1964,TA,0,1,379,119036.8331
345,,Sawyer,5,1966,1966,Gd,0,1,342,127669.7298
346,86,NWAmes,6,1984,2003,TA,1,2,504,178008.244
347,,NAmes,5,1971,1971,TA,0,1,363,144250.1903
348,68,NAmes,6,1948,1994,TA,0,2,603,133593.1584
349,51,NridgHt,7,2005,2005,Gd,1,2,511,186106.2377
350,68,NAmes,6,1948,1950,TA,1,1,267,119319.3087
351,,Gilbert,7,2001,2001,Gd,1,2,461,222546.3935
352,76,Edwards,5,1950,1950,TA,0,1,267,125056.0345
353,58,OldTown,5,1922,1950,TA,0,0,27,67212.49151
354,93,Somerst,7,2005,2005,Gd,1,3,963,250000.2695
355,78,CollgCr,5,1972,1972,TA,0,2,488,112528.0162
356,60,BrkSide,4,1926,1953,TA,0,2,555,80221.27183
357,72,CollgCr,7,2010,2010,Gd,0,2,642,184644.4269
358,32,Edwards,6,2004,2006,Gd,0,2,407,130004.7264
359,78,SawyerW,6,1992,1992,Gd,0,2,555,180718.9293
360,,NWAmes,6,1977,1995,TA,1,2,646,272140.3221
361,58,SWISU,5,1924,1950,Gd,1,1,335,127042.231
362,,Crawfor,6,1988,2007,Gd,1,2,567,222021.134
363,,NAmes,7,1961,2007,Ex,0,2,615,178649.6053
364,83,NAmes,6,1966,2008,Gd,1,1,342,164848.8484
365,82,Timber,8,2006,2007,Gd,0,3,815,246170.1773
366,88,SawyerW,7,1993,1994,Gd,1,2,601,236158.8876
367,122,SawyerW,7,1990,1991,Gd,1,2,746,180023.2402
368,,CollgCr,7,2002,2002,Gd,0,2,618,205941.8553
369,,NAmes,6,1963,1963,TA,2,2,541,159160.9482
370,123,Sawyer,5,1948,1950,TA,1,1,339,135264.5028
371,50,CollgCr,6,1978,1978,TA,0,3,699,169818.4999
372,60,BrkSide,5,1930,1992,TA,1,2,387,163106.3004
373,76,Somerst,7,2003,2004,Gd,0,2,615,222325.5709
374,75,CollgCr,7,2001,2002,Gd,0,2,632,187581.2556
375,68,SWISU,5,1926,1950,TA,0,0,27,102073.6847
376,108,Somerst,7,2004,2005,Gd,1,2,705,254957.8222
377,85,NAmes,6,1962,1985,TA,0,1,291,142362.0917
378,,NoRidge,9,2000,2000,Ex,1,3,714,316991.9882
379,70,Gilbert,7,2004,2004,Gd,1,2,467,183617.7987
380,137,NridgHt,9,2004,2005,Ex,1,3,797,315013.9454
381,98,NAmes,6,1966,1999,Gd,1,2,507,214369.8811
382,87,NWAmes,6,1980,1980,TA,1,2,639,207560.2435
383,,SawyerW,6,1995,2002,Gd,1,2,641,248068.505
384,,Veenker,8,1980,1980,Gd,2,3,891,292236.6522
385,108,NoRidge,8,1997,1998,Gd,2,3,952,353507.9775
386,112,NWAmes,6,1976,1976,TA,1,2,505,180080.1771
387,98,NWAmes,6,1976,1976,Gd,1,2,488,164848.8232
388,,Somerst,6,2000,2000,Gd,0,2,467,170094.3696
389,,ClearCr,5,1955,1993,TA,3,1,330,190030.6848
390,81,SawyerW,6,1993,1993,Gd,0,4,947,210831.8757
391,68,Sawyer,4,1950,1995,Gd,0,2,463,128139.5608
392,32,Blueste,6,1980,1992,Gd,1,2,489,128937.107
393,116,NridgHt,7,2006,2006,Gd,0,3,901,247214.7024
394,88,Crawfor,6,1932,1950,TA,1,2,387,239004.9516
395,,NAmes,6,1958,1958,TA,1,2,515,154106.3078
396,88,NWAmes,6,1972,1972,TA,1,2,511,165278.8124
397,99,Somerst,8,2007,2007,Gd,1,3,879,262632.7138
398,,NAmes,5,1966,1966,TA,1,2,459,159314.5683
399,88,NAmes,6,1964,1964,TA,0,2,469,168120.4639
400,110,NridgHt,9,2005,2005,Ex,1,3,1030,364075.4992
401,29,MeadowV,4,1970,1970,TA,0,1,313,88248.61601
402,58,IDOTRR,6,1937,1950,Gd,1,1,571,141118.397
403,63,Crawfor,5,1926,1950,TA,0,1,227,96589.25424
404,100,Timber,8,2009,2010,Ex,1,3,707,269672.0236
405,78,CollgCr,6,1998,1998,Gd,0,2,550,200952.519
406,56,CollgCr,7,1998,1998,Gd,0,2,625,225287.6981
407,160,Gilbert,8,1988,2005,TA,0,2,519,164049.9287
408,,Gilbert,5,1948,1950,TA,1,2,699,169015.9416
409,58,OldTown,7,1921,1950,TA,0,2,507,140375.2914
410,74,Gilbert,7,1999,1999,Gd,1,2,456,230360.2435
411,,Crawfor,6,1986,1986,TA,1,2,528,226541.9863
412,59,BrkSide,4,1923,1958,Fa,0,0,27,85526.8035
413,73,Sawyer,5,1966,2008,Gd,0,1,443,129720.6081
414,68,OldTown,5,1905,2005,Gd,0,0,27,123578.0675
415,74,NAmes,5,1970,2002,Ex,0,1,395,117034.1346
416,69,NridgHt,6,2005,2006,Gd,1,2,487,194744.8192
417,,Gilbert,7,2002,2002,Gd,1,2,430,168354.3599
418,66,IDOTRR,5,1930,1950,TA,0,0,27,105085.7378
419,29,MeadowV,4,1970,1970,TA,0,1,313,75018.98901
420,29,BrDale,6,1972,1972,TA,1,1,315,94800.01259
421,88,Veenker,6,1976,1976,TA,1,2,487,181532.7068
422,83,Crawfor,7,1941,1950,Fa,1,1,261,174540.3824
423,58,IDOTRR,6,1926,1998,TA,0,1,222,112993.2197
424,,Gilbert,7,2003,2003,Gd,1,2,461,210027.5905
425,89,SawyerW,7,2007,2007,Gd,0,2,510,166990.4212
426,,NoRidge,7,1991,2008,Gd,1,2,551,256599.6477
427,,Somerst,8,2003,2004,Gd,2,2,579,281764.2544
428,79,Gilbert,7,2004,2005,Gd,1,2,459,188540.1526
429,68,NAmes,5,1974,1974,TA,0,2,507,146205.103
430,138,Edwards,10,2007,2008,Ex,1,3,911,184816.2688
431,,NWAmes,6,1969,1969,TA,0,2,543,183936.3953
432,87,CollgCr,6,1997,1997,Gd,0,2,603,217242.7465
433,68,Edwards,5,1934,1950,TA,0,1,253,86847.67544
434,97,Timber,8,2007,2007,Gd,1,3,749,239002.143
435,,Gilbert,7,2002,2002,Gd,1,2,462,221936.8476
436,58,IDOTRR,6,1940,1950,Gd,0,2,747,129523.7186
437,63,BrkSide,5,1950,1950,TA,0,1,335,132656.705
438,,NWAmes,6,1978,1978,TA,1,2,591,148181.4005
439,83,Timber,6,1989,1989,TA,1,2,465,175648.8813
440,32,Somerst,8,1999,2000,Gd,0,2,507,172601.1266
441,50,Timber,7,1986,1986,Gd,1,2,539,198608.1162
442,73,Sawyer,5,1968,1968,TA,0,1,321,108139.9964
443,88,NAmes,5,1960,1960,TA,0,1,313,149917.4609
444,77,OldTown,5,1900,2006,TA,0,2,447,111510.2357
445,71,CollgCr,7,2004,2004,Gd,0,2,653,179772.0527
446,78,Somerst,7,2003,2003,Ex,1,2,608,242488.2737
447,88,NWAmes,6,1978,1998,TA,1,2,506,178521.7283
448,,Mitchel,7,1990,1991,Gd,0,2,524,173390.7127
449,86,CollgCr,7,1999,1999,Gd,0,2,604,204021.8337
450,,Crawfor,6,1942,1950,Gd,2,1,240,177844.1213
451,,Edwards,5,1953,1953,TA,1,2,676,145566.5283
452,64,Gilbert,6,1997,1997,TA,1,2,417,154079.8271
453,77,NAmes,5,1962,1962,TA,0,1,327,134544.9753
454,87,CollgCr,7,2001,2001,Gd,0,2,649,230265.3977
455,87,SawyerW,8,1983,2009,Gd,1,2,639,316604.5599
456,88,NWAmes,6,1976,1976,TA,1,2,500,152581.0979
457,87,ClearCr,6,1997,1997,Gd,0,2,630,200100.0694
458,68,NAmes,5,1955,1955,TA,1,2,599,130167.4775
459,68,SWISU,7,1921,1950,TA,1,1,339,158362.114
460,96,Timber,8,2005,2006,Gd,2,3,907,370211.8025
461,60,IDOTRR,4,1958,1958,TA,0,2,463,112217.1282
462,93,NoRidge,8,1992,2000,Gd,1,2,568,285300.2865
463,128,NAmes,6,1962,1962,TA,1,2,911,176057.4821
464,78,SWISU,5,1938,1950,TA,2,1,277,113439.7253
465,71,SawyerW,7,2004,2005,Gd,0,0,27,141341.667
466,64,OldTown,6,1910,1990,TA,0,2,495,150790.4018
467,,CollgCr,9,2000,2000,Ex,2,3,763,313358.0899
468,,Veenker,9,1977,1977,Gd,1,3,891,260825.1738
469,73,Gilbert,6,1994,1995,TA,1,2,370,174002.6821
470,78,NAmes,5,1959,1959,TA,0,1,313,133995.8716
471,42,NridgHt,6,2005,2005,Gd,1,2,651,200662.4105
472,103,NAmes,6,1957,1957,TA,2,2,567,162332.4214
473,58,OldTown,5,1955,1955,TA,0,2,603,124466.5811
474,78,SawyerW,6,1992,1992,Gd,1,2,489,189007.7582
475,29,MeadowV,4,1970,2008,TA,1,0,27,97017.64226
476,73,CollgCr,7,1998,1998,TA,0,2,566,200291.0983
477,104,NAmes,7,1967,2007,Gd,1,2,591,242211.9899
478,63,BrkSide,5,1925,1994,TA,1,1,335,116077.6485
479,,Mitchel,6,1976,1976,TA,2,2,566,146813.9767
480,,ClearCr,5,1964,1964,TA,0,2,417,190436.8013
481,68,SWISU,5,1958,1958,TA,0,1,426,108685.8893
482,67,NAmes,6,1954,1954,Gd,0,2,555,105788.1823
483,32,Edwards,7,2004,2004,Gd,0,2,407,135175.2013
484,,NAmes,5,1953,2004,TA,1,1,398,161619.6203
485,80,CollgCr,7,2003,2003,Gd,0,2,585,226140.6373
486,75,Edwards,3,1945,2007,TA,0,1,267,64353.72198
487,81,Timber,8,2007,2007,Gd,0,3,637,201021.7736
488,120,CollgCr,5,1994,1995,TA,0,2,699,145073.7122
489,,Gilbert,7,1999,1999,Gd,1,3,685,264330.1243
490,,CollgCr,5,1994,1994,TA,0,2,774,147561.4291
491,,Timber,6,1958,1958,Gd,1,2,552,137541.1364
492,,Somerst,6,2000,2000,Gd,1,2,467,168655.4615
493,,Somerst,9,2001,2001,Gd,1,2,572,232128.678
494,70,NAmes,6,1958,2007,Gd,0,2,507,151636.3826
495,76,CollgCr,8,2007,2007,Gd,0,2,605,212326.4424
496,58,Somerst,9,1999,2000,Gd,1,2,533,329197.3526
497,118,NridgHt,8,2006,2007,Gd,1,3,935,440096.5827
498,68,OldTown,5,1925,1950,Ex,0,1,291,125114.8158
499,58,BrkSide,5,1921,1950,TA,0,1,232,89086.13365
500,61,Crawfor,7,1918,1990,TA,1,1,242,152723.5688
501,78,NAmes,4,1970,1970,TA,0,2,490,124512.4545
502,,Somerst,6,2000,2000,Gd,1,2,467,177091.0438
503,70,Edwards,7,2003,2004,Gd,1,2,643,185265.1718
504,68,OldTown,4,1890,2006,TA,0,0,27,119100.3057
505,68,NoRidge,8,1998,1998,Gd,1,3,989,329796.2333
506,73,SWISU,6,1940,1950,TA,0,1,258,95372.10986
507,44,CollgCr,6,2003,2003,Gd,0,2,447,131582.118
508,83,IDOTRR,5,1950,1950,TA,0,1,309,152009.1888
509,,SWISU,6,1939,1950,TA,1,2,426,123218.8846
510,70,OldTown,4,1920,1950,TA,0,2,315,89035.2779
511,80,Sawyer,4,1967,1967,TA,0,0,27,123610.6597
512,,SawyerW,5,1983,1983,Gd,0,2,531,144207.5817
513,59,OldTown,5,1923,1950,TA,0,2,603,125977.5759
514,58,Edwards,6,1962,2001,TA,0,1,307,139241.0857
515,88,NWAmes,6,1979,1999,TA,1,2,505,178237.8251
516,68,OldTown,6,1920,1998,TA,0,0,27,79908.58581
517,32,Somerst,6,2000,2000,Gd,0,2,467,166022.9175
518,84,Somerst,8,2006,2006,Gd,1,2,511,230071.1323
519,71,Crawfor,6,1914,1995,TA,0,2,427,141826.8447
520,78,OldTown,6,1900,1950,Ex,0,1,384,146051.9953
521,78,Sawyer,5,1962,1962,TA,0,2,603,132174.7969
522,93,Somerst,9,2005,2006,Ex,2,3,822,384585.2118
523,,Gilbert,7,1991,1992,Gd,1,2,429,160311.9774
524,79,CollgCr,8,2008,2008,Gd,1,3,931,228185.2576
525,74,NAmes,6,1958,1998,TA,0,1,324,155309.4679
526,77,NAmes,5,1957,1957,TA,1,1,326,141023.7126
527,,NAmes,6,1960,1987,Gd,2,2,599,181901.8285
528,61,OldTown,3,1958,1958,TA,0,1,393,84337.46104
529,68,OldTown,5,1940,1950,TA,0,1,283,74788.08358
530,68,SWISU,4,1967,1967,TA,0,0,27,131258.2175
531,50,Timber,7,1985,1985,Gd,0,2,555,184885.0969
532,,IDOTRR,6,1930,1950,TA,0,2,467,89392.74599
533,85,Mitchel,5,2007,2008,TA,0,0,27,110374.2975
534,,Blmngtn,8,2003,2003,Gd,1,2,427,215198.3761
535,70,Gilbert,6,1999,2000,TA,1,2,487,175026.6532
536,99,NAmes,5,1969,1969,TA,0,4,995,200004.3094
537,79,Mitchel,6,2001,2002,Gd,1,2,587,215019.5252
538,63,Crawfor,7,1918,1998,Gd,1,1,243,190053.0346
539,83,Somerst,8,2003,2004,Gd,1,2,675,250077.1894
540,89,ClearCr,7,1953,1953,TA,1,2,694,225019.8237
541,83,Somerst,7,2007,2007,Gd,0,2,632,195482.9893
542,68,OldTown,4,1900,1998,Fa,0,1,307,81215.69398
543,73,NAmes,6,1969,1969,TA,0,2,487,151054.9699
544,52,Crawfor,8,2004,2005,Gd,1,2,552,265792.1142
545,68,OldTown,5,1900,1970,TA,1,2,547,160094.6845
546,47,Edwards,5,1984,1984,TA,0,1,291,120864.3964
547,82,Edwards,4,1955,1955,Fa,0,0,27,70133.38229
548,90,NAmes,5,1959,1998,Gd,0,1,507,175341.3145
549,98,OldTown,6,1880,1950,Fa,0,1,232,117562.4844
550,100,Somerst,8,2007,2008,Gd,0,3,857,235136.4064
551,78,Sawyer,5,1963,1999,TA,1,2,507,175020.1654
552,47,CollgCr,5,1977,1977,TA,0,1,335,116049.0522
553,80,Somerst,8,2007,2007,Gd,0,2,625,208799.9768
554,59,BrkSide,5,1925,1950,TA,0,1,477,88003.54568
555,,Crawfor,8,1929,1950,Gd,2,2,427,230112.6371
556,80,NridgHt,9,2006,2006,Ex,1,3,858,393473.2183
557,98,CollgCr,7,2002,2002,Gd,0,3,1258,237492.4092
558,52,Crawfor,8,2007,2008,Ex,1,2,552,286584.9794
559,,Crawfor,6,1932,1950,TA,1,2,459,220117.8932
560,104,NridgHt,10,2007,2008,Ex,1,3,873,426020.6192
561,,Crawfor,7,1971,1971,TA,2,2,652,229673.2801
562,,NWAmes,7,1978,1978,Gd,2,4,1341,303423.335
563,71,NAmes,5,1970,1990,TA,0,2,603,145570.2618
564,68,OldTown,3,1915,1950,TA,0,3,963,105229.7097
565,95,NAmes,5,1959,1959,TA,0,1,339,129599.6401
566,61,Blmngtn,7,2006,2007,Gd,1,3,675,194399.8964
567,122,NoRidge,9,1993,1994,Ex,1,3,986,470352.1274
568,103,NridgHt,7,2005,2005,Gd,1,2,559,220036.4482
569,29,MeadowV,4,1972,1972,TA,0,1,280,85467.21545
570,58,Timber,5,1963,1963,TA,2,3,1022,187026.2062
571,,StoneBr,8,1985,1985,Gd,1,2,591,275409.2084
572,58,IDOTRR,5,1900,1993,Gd,0,2,603,139388.379
573,113,NridgHt,9,2006,2006,Ex,1,3,721,380177.4038
574,44,CollgCr,5,1972,1972,TA,1,1,365,133755.9162
575,60,BrkSide,6,1934,1950,TA,1,2,555,114518.2218
576,96,Sawyer,6,1960,1960,TA,1,2,507,156713.9881
577,108,Mitchel,5,1960,2006,TA,1,2,363,115140.5161
578,,NWAmes,6,1966,2000,Gd,0,2,511,173034.298
579,73,NAmes,5,1956,1956,Fa,0,1,335,118366.7336
580,68,Edwards,4,1954,1972,TA,0,1,575,135107.7958
581,68,SWISU,5,1939,1997,Gd,1,1,267,179781.592
582,58,Edwards,4,1941,1950,TA,0,1,261,113060.4439
583,78,NAmes,5,1959,2005,TA,0,2,615,145063.9155
584,68,BrkSide,6,1915,2003,TA,0,1,411,153610.0237
585,67,NridgHt,8,2007,2007,Ex,1,3,667,356760.148
586,32,NPkVill,6,1978,1978,TA,1,2,467,144742.4533
587,67,SawyerW,7,1993,1993,Gd,1,3,705,228078.8025
588,71,Mitchel,5,1991,1992,TA,0,0,27,93791.33165
589,76,OldTown,6,1935,1998,Gd,0,1,189,122294.3367
590,,Gilbert,6,1992,2007,TA,0,2,447,176180.417
591,92,Somerst,6,2005,2005,Gd,1,2,555,239592.0824
592,90,NWAmes,7,1978,1978,TA,1,2,505,157005.5393
593,75,Gilbert,7,2004,2004,Gd,1,2,427,190006.2067
594,71,Sawyer,5,1941,1973,Gd,0,3,654,138387.7022
595,88,NAmes,5,1954,1954,TA,0,1,307,128315.7579
596,83,Sawyer,5,1963,1963,TA,0,1,335,133012.6039
597,83,Edwards,6,1977,1977,TA,0,2,467,159856.9227
598,116,NridgHt,8,2004,2005,Gd,1,3,718,309032.8517
599,73,CollgCr,7,2002,2001,Gd,0,2,604,204576.2084
600,,Sawyer,5,1963,1995,Gd,0,1,327,127274.974
601,73,CollgCr,5,1994,1994,TA,0,2,555,156420.6754
602,72,CollgCr,8,2008,2008,Gd,0,3,803,245372.0631
603,70,NridgHt,8,2003,2004,Ex,1,2,615,274064.6191
604,53,Edwards,3,1914,1950,TA,0,1,227,58715.33611
605,,BrkSide,7,1945,1950,Gd,0,1,279,139356.7742
606,68,Edwards,6,1924,1950,TA,0,0,27,79160.32488
607,73,ClearCr,5,1968,2003,Ex,2,1,479,143032.8746
608,60,BrkSide,5,1930,1950,TA,1,2,507,136899.6378
609,,ClearCr,7,1977,2001,TA,2,2,717,240224.3533
610,70,Mitchel,5,1992,1992,TA,0,2,467,138428.5378
611,76,CollgCr,7,2001,2002,Gd,1,2,635,223645.0985
612,76,CollgCr,7,2005,2007,Gd,0,2,535,203086.2201
613,68,Crawfor,7,1915,1970,Gd,1,3,669,140030.3965
614,81,CollgCr,7,1996,1996,Gd,1,2,505,203142.2536
615,,NAmes,6,1970,1970,TA,2,2,577,237953.6617
616,88,CollgCr,8,2004,2005,Gd,0,3,915,305960.4222
617,74,NAmes,6,1959,1998,Gd,0,1,324,154690.0394
618,92,NoRidge,8,1998,1998,Gd,1,3,912,279119.3488
619,88,NAmes,5,1962,1962,TA,0,1,326,123479.2927
620,62,Crawfor,5,1926,1950,TA,0,1,379,140174.3933
621,92,Sawyer,5,1968,1968,TA,0,2,713,146339.7089
622,81,Edwards,5,1969,1969,TA,0,1,387,125901.1902
623,93,Crawfor,7,1994,2007,Gd,0,2,500,224710.0201
624,88,NAmes,6,1950,2005,TA,0,1,298,140019.194
625,116,NridgHt,9,2006,2007,Ex,2,2,867,325155.1757
626,,CollgCr,8,2001,2001,Gd,1,2,587,291700.7275
627,78,Sawyer,5,1963,1963,TA,1,1,411,114192.1212
628,78,NAmes,5,1959,1959,TA,0,1,699,132849.8876
629,74,CollgCr,8,1998,1999,Gd,1,2,710,267296.415
630,73,Sawyer,5,1961,1994,TA,1,1,315,135057.7838
631,86,NWAmes,6,1981,1981,Gd,1,2,603,175716.8901
632,29,MeadowV,4,1973,2006,TA,0,1,324,105138.6644
633,83,SawyerW,7,1992,1992,Gd,0,2,533,194944.5048
634,58,OldTown,5,1954,1954,Gd,0,1,283,93025.54464
635,,NWAmes,8,1976,1996,Gd,2,2,858,299898.9837
636,,Timber,5,1948,1950,TA,2,2,599,160119.8411
637,62,Crawfor,7,1920,1950,TA,1,1,243,200258.2657
638,65,NAmes,6,1950,1950,Gd,1,1,333,124187.7243
639,64,NWAmes,7,1978,1978,Gd,2,2,577,240681.5618
640,,Sawyer,5,1966,1966,TA,0,1,291,125312.3871
641,78,NAmes,5,1958,1958,TA,0,2,651,129903.0862
642,90,ClearCr,7,1979,1979,TA,2,2,505,228156.596
643,,NWAmes,6,1977,2000,Gd,1,2,556,215096.4821
644,118,NridgHt,9,2003,2004,Ex,2,3,985,454524.5213
645,93,CollgCr,7,2006,2006,Gd,1,2,467,155854.9265
646,58,BrkSide,5,1924,1950,Gd,0,0,27,109709.9824
647,44,NridgHt,7,2003,2004,Gd,0,2,501,170009.22
648,49,MeadowV,5,1977,1977,TA,1,1,363,127145.422
649,90,Crawfor,5,1949,1950,TA,0,3,898,145161.0955
650,67,Gilbert,6,1999,2000,TA,1,2,487,178503.5163
651,68,Sawyer,5,1940,1997,TA,0,1,267,108081.8928
652,,ClearCr,6,1978,1992,Gd,1,2,549,232855.2587
653,,NAmes,5,1966,1966,TA,0,1,291,131474.8766
654,83,NAmes,5,1956,1958,TA,0,1,411,127473.5413
655,67,Gilbert,7,2006,2006,Gd,1,2,561,216080.3254
656,58,BrkSide,6,1948,1950,TA,0,1,339,136656.009
657,58,BrkSide,5,1925,1950,TA,0,1,237,98383.08055
658,109,StoneBr,8,2005,2005,Ex,1,3,710,356751.7111
659,88,NAmes,6,1964,1997,TA,1,2,566,209428.3354
660,73,SawyerW,6,1995,1995,Gd,0,2,552,175263.7997
661,100,OldTown,6,1912,1950,TA,0,0,27,104350.5645
662,,Gilbert,7,1992,1993,Gd,0,2,447,155678.2947
663,88,NAmes,6,1963,1963,TA,1,1,291,133909.3439
664,73,Somerst,7,2005,2006,Gd,0,2,642,186544.962
665,83,Mitchel,6,1940,1985,TA,0,1,450,160322.2933
666,29,BrDale,5,1972,1972,TA,0,1,291,119619.825
667,92,NoRidge,8,1997,1997,Gd,1,2,543,257367.3445
668,91,Timber,7,2009,2009,Gd,0,2,677,224697.7201
669,88,NAmes,6,1965,1965,TA,0,2,467,138769.5605
670,65,Edwards,5,1952,1952,TA,0,1,335,123577.7687
671,56,CollgCr,8,2003,2003,Gd,1,2,529,232187.8823
672,74,CollgCr,8,2007,2007,Gd,1,3,897,238612.3278
673,61,StoneBr,9,2004,2004,Ex,1,3,697,375692.3239
674,78,Sawyer,5,1971,1990,TA,0,2,603,124596.2893
675,83,Edwards,5,1965,1965,TA,0,0,27,100158.3704
676,52,Mitchel,7,2002,2002,Gd,1,2,603,219752.5939
677,88,OldTown,4,1900,2003,TA,0,1,308,104978.9821
678,,SWISU,4,1907,1950,TA,0,0,27,69289.07125
679,,Gilbert,6,2002,2003,Gd,1,2,420,183402.8293
680,,Edwards,1,1922,1950,Fa,0,0,27,61005.59719
681,101,NridgHt,8,2003,2004,Ex,1,3,683,285251.5385
682,76,Edwards,5,1956,1956,Gd,1,1,349,163574.1736
683,,ClearCr,6,1992,1992,Gd,2,2,528,240070.7544
684,60,BrkSide,6,1931,1950,TA,1,1,587,127505.0701
685,,NAmes,3,1949,1950,TA,0,2,427,87509.05506
686,72,Gilbert,7,2007,2007,Gd,0,2,489,175649.3328
687,77,NAmes,5,1962,1962,TA,1,1,291,169606.4492
688,113,IDOTRR,3,1915,1982,Fa,0,0,27,85220.03423
689,,BrkSide,5,1950,1950,Gd,1,1,379,110185.4771
690,73,CollgCr,7,2003,2003,Gd,0,2,575,208518.8763
691,68,StoneBr,10,2006,2006,Ex,1,3,785,466081.511
692,66,Mitchel,5,1968,2003,TA,0,1,315,129063.474
693,88,NAmes,6,1966,2008,Gd,2,2,569,225247.6251
694,68,IDOTRR,6,1915,1950,TA,1,2,747,165104.3702
695,68,IDOTRR,3,1922,1950,TA,1,1,237,91008.12466
696,60,NoRidge,8,1994,2005,Gd,1,3,738,402116.8064
697,,NAmes,6,1970,1970,TA,1,2,511,163534.02
698,,NoRidge,8,1993,1994,Gd,1,2,650,271715.7363
699,68,Somerst,7,2006,2006,Gd,1,2,599,187935.6781
700,81,Timber,7,2009,2010,Gd,0,2,547,178978.9009
701,88,Edwards,4,1960,1971,TA,0,1,571,116033.6691
702,78,NAmes,7,2003,2009,Gd,0,2,647,209710.886
703,,NAmes,7,1970,1989,TA,1,2,603,180052.8652
704,82,Edwards,4,1955,1955,TA,0,0,27,82253.86222
705,78,Somerst,7,2006,2006,Gd,0,3,601,224064.4163
706,77,CollgCr,5,1969,1969,TA,1,1,327,128504.4861
707,50,Edwards,4,1977,1977,TA,0,0,27,150058.1996
708,68,OldTown,5,1910,1950,TA,0,1,227,81488.76309
709,73,Somerst,7,2006,2007,Gd,0,2,465,241421.1429
710,82,Gilbert,8,2004,2004,Gd,1,2,430,178012.1396
711,157,Gilbert,6,2005,2005,Gd,1,2,417,174159.6447
712,56,NridgHt,7,2003,2003,Gd,1,2,505,190187.6663
713,73,CollgCr,7,2005,2005,Gd,1,2,427,165115.6856
714,90,NoRidge,8,1999,1999,Gd,1,3,883,337168.2145
715,45,Mitchel,5,1984,1985,TA,0,1,291,119624.2033
716,,ClearCr,5,1967,1967,TA,0,2,565,185119.8568
717,96,CollgCr,5,1975,1975,TA,0,1,307,110197.4238
718,67,SWISU,5,1942,1979,TA,0,1,267,115754.2587
719,84,Mitchel,5,1976,1976,TA,0,2,511,124543.1936
720,68,NAmes,4,1971,1971,TA,0,2,603,104159.5351
721,83,IDOTRR,5,1967,1967,TA,1,1,315,125906.7494
722,78,NAmes,5,1958,1992,TA,0,1,335,139336.3406
723,58,OldTown,6,1925,1980,Gd,1,2,467,110521.0508
724,106,NridgHt,8,2008,2009,Ex,1,3,1417,253382.9375
725,32,Somerst,6,2005,2005,Gd,0,2,507,156121.3674
726,78,CollgCr,7,1997,1998,Gd,1,2,538,213729.7099
727,49,CollgCr,7,2003,2003,Gd,1,2,623,230197.6715
728,,Mitchel,4,1961,1975,TA,1,4,1383,168234.5425
729,93,SawyerW,7,1993,1994,Gd,1,2,500,216719.574
730,120,Somerst,8,2007,2007,Ex,1,3,907,292840.8928
731,,Sawyer,5,1924,1950,Fa,1,1,349,90040.08935
732,86,Crawfor,5,1950,1963,TA,3,1,369,233492.4254
733,96,StoneBr,9,2010,2010,Ex,1,3,861,394804.9697
734,58,OldTown,7,1915,2005,Ex,1,1,191,155097.0199
735,68,Edwards,5,1955,1990,TA,0,2,599,115157.8407
736,,SWISU,6,1925,1950,Fa,0,1,427,140243.6081
737,87,NridgHt,8,2005,2006,Ex,1,3,705,290808.6071
738,109,NridgHt,8,2005,2006,Gd,1,3,880,325538.6755
739,,Gilbert,7,1992,1992,Gd,1,2,419,164134.0222
740,93,Mitchel,8,1998,1999,Gd,1,3,768,240744.3682
741,68,OldTown,6,1905,2000,TA,1,2,699,163213.7636
742,74,SWISU,6,1915,1950,Fa,0,1,243,128121.4868
743,79,Timber,8,2007,2008,Gd,1,3,827,293143.7113
744,88,NAmes,6,1964,1964,TA,2,1,488,160323.4414
745,58,SawyerW,6,1980,1980,TA,2,1,310,130242.3973
746,85,CollgCr,8,2006,2007,Gd,1,3,1079,425153.6297
747,88,NAmes,6,1964,1993,Gd,1,2,467,187019.7938
748,73,CollgCr,7,2004,2004,Gd,0,2,521,185519.2681
749,67,Gilbert,6,1993,1994,TA,1,2,407,178002.5096
750,29,MeadowV,4,1970,1970,TA,0,0,27,90649.82521
751,117,NAmes,6,1963,1963,TA,0,2,457,132690.8041
752,,OldTown,6,1926,2004,TA,0,1,237,115154.7381
753,32,NPkVill,7,1977,1977,TA,0,2,467,130740.1958
754,92,CollgCr,7,2005,2006,Gd,0,3,809,212960.5936
755,96,NAmes,5,1967,1967,Gd,0,2,544,171492.1769
756,51,Blmngtn,7,2005,2006,Gd,1,2,457,192500.1662
757,32,Blueste,6,1980,1980,TA,1,2,479,104125.5807
758,,Gilbert,6,1995,1996,TA,1,2,436,187709.6756
759,108,Sawyer,5,1950,1950,TA,1,2,421,134924.6474
760,53,Edwards,3,1914,1950,TA,0,0,27,67390.79028
761,71,Gilbert,7,2005,2005,Gd,1,2,417,173689.6065
762,83,NAmes,5,1959,1994,Gd,0,1,332,154024.2663
763,98,Crawfor,6,1960,1960,TA,1,2,490,207465.3025
764,,Sawyer,5,1957,1996,TA,1,2,555,121525.5529
765,70,Mitchel,5,1968,1968,TA,0,1,315,130189.5517
766,80,NAmes,5,1965,2008,Gd,0,2,603,147306.3213
767,73,NAmes,5,1966,1966,TA,0,1,387,120998.7053
768,80,Somerst,8,2009,2009,Gd,0,2,579,229497.2175
769,83,Somerst,9,2008,2008,Ex,1,2,619,264155.7958
770,,Somerst,8,2000,2001,Gd,1,2,615,221187.7486
771,122,Edwards,6,1928,1950,TA,2,3,822,187536.4315
772,96,NAmes,7,1966,1966,Gd,2,2,514,226147.8397
773,38,Somerst,7,2004,2005,Gd,0,2,507,151007.2264
774,86,Crawfor,7,1941,1985,TA,2,1,339,219228.1086
775,86,NWAmes,6,1968,1968,TA,0,2,468,154054.5861
776,115,NridgHt,8,2007,2008,Gd,1,3,893,372535.0205
777,83,CollgCr,7,2001,2001,Gd,1,2,635,199917.1263
778,93,Somerst,8,2007,2007,Gd,1,3,687,251427.8975
779,98,NWAmes,6,1974,1997,TA,1,2,651,240110.4306
780,82,NAmes,5,1965,1965,TA,0,2,603,142643.0892
781,42,Somerst,7,2007,2007,Gd,0,2,567,146049.016
782,67,Gilbert,6,1998,1998,TA,2,2,499,192074.5415
783,76,Edwards,4,1954,1954,TA,0,2,427,110049.5805
784,,Gilbert,6,1993,1993,TA,1,2,447,185215.4166
785,88,NAmes,5,1959,1959,TA,0,1,297,124541.0493
786,59,BrkSide,4,1935,1995,Gd,0,1,267,133037.2797
787,91,Edwards,6,2009,2009,Gd,0,2,487,186220.9114
788,42,Somerst,6,2000,2000,Gd,0,2,467,172660.3029
789,68,BrkSide,5,1924,1950,Fa,0,2,467,100183.5026
790,101,Timber,6,1986,1986,Gd,1,2,605,178333.3088
791,82,NAmes,5,1953,1996,Gd,0,2,441,116240.0946
792,68,Edwards,5,1968,1968,TA,0,1,363,146373.8073
793,,Somerst,6,2000,2000,Gd,0,2,467,178660.4038
794,86,NAmes,6,1948,1950,TA,1,1,357,97610.3014
795,78,NAmes,5,1958,1958,TA,0,1,302,114519.4276
796,,Crawfor,5,1937,1995,Gd,1,1,267,187546.6487
797,104,NridgHt,9,2008,2008,Ex,1,3,863,335158.882
798,93,Timber,9,2006,2006,Ex,1,3,792,315263.8813
799,,Veenker,5,1978,1978,Gd,1,2,615,194145.9755
800,32,Somerst,8,1999,2000,Gd,0,2,519,174037.9247
801,98,OldTown,5,1898,1965,TA,0,2,387,106036.7961
802,58,OldTown,6,1927,1950,TA,0,2,603,120285.1175
803,,NAmes,5,1966,1966,TA,0,1,291,110171.298
804,71,Crawfor,7,1930,1995,TA,1,1,243,143079.5061
805,68,Edwards,5,1987,1988,TA,0,0,27,179252.7256
806,,NWAmes,7,1980,1991,Gd,1,2,468,253706.0655
807,29,BrDale,5,1972,1972,TA,0,1,291,108363.8136
808,32,NPkVill,6,1976,1976,Gd,1,2,467,155077.3389
809,49,StoneBr,8,2000,2000,Ex,0,2,526,251057.6958
810,71,NridgHt,9,2005,2005,Ex,1,2,591,266081.1184
811,,IDOTRR,5,1900,1950,TA,0,1,315,100559.712
812,58,BrkSide,5,1930,1982,TA,1,1,363,137808.7768
813,73,Mitchel,5,1983,1983,TA,0,1,291,130875.7695
814,,SWISU,5,1916,1995,TA,0,0,27,160102.4638
815,60,OldTown,6,1920,1993,TA,0,1,207,114875.5625
816,,Crawfor,7,1971,2009,Ex,2,2,578,326599.4594
817,29,BrDale,6,1972,1972,TA,0,1,291,94294.62536
818,79,IDOTRR,5,1940,1955,TA,1,1,951,120587.4808
819,57,Somerst,8,2007,2007,Gd,0,3,781,282940.3737
820,93,Somerst,6,2004,2004,Gd,1,3,771,245340.894
821,58,SawyerW,6,1990,1991,Gd,0,2,569,152742.7195
822,82,NridgHt,9,2004,2005,Ex,1,3,765,350030.2196
823,58,Edwards,7,1948,1950,TA,1,1,276,109749.0559
824,108,OldTown,5,1915,1950,TA,1,3,747,153995.4172
825,114,NoRidge,8,2000,2000,Gd,2,3,837,351894.6215
826,78,Sawyer,5,1972,1972,TA,1,2,517,142798.5574
827,43,StoneBr,8,1990,1990,Gd,1,2,511,210132.6063
828,76,CollgCr,6,2005,2006,Gd,0,2,591,173927.1955
829,,Sawyer,6,1976,2005,Gd,0,2,502,130520.4991
830,,Sawyer,5,1962,1962,TA,0,1,379,144302.2018
831,93,Edwards,5,1920,1950,TA,0,1,393,83158.18264
832,68,BrkSide,6,1920,1950,Gd,0,2,603,135071.6325
833,68,OldTown,7,1910,1950,TA,1,1,335,122058.1152
834,47,Somerst,7,2004,2004,Gd,0,2,615,176446.5759
835,70,Mitchel,6,1996,1997,TA,0,2,487,137944.6858
836,70,Edwards,4,1924,1950,TA,0,1,315,101242.9071
837,95,Somerst,8,2006,2007,Gd,1,2,507,227284.7326
838,93,Timber,6,1988,1989,Gd,1,2,627,175141.2052
839,65,Somerst,8,2010,2010,Gd,1,3,879,287320.9037
840,93,NAmes,6,1964,1991,Gd,0,1,336,158265.6362
841,88,IDOTRR,1,1952,1952,Fa,0,2,514,48786.31529
842,109,NAmes,6,1962,1962,TA,1,1,323,165108.7207
843,93,OldTown,5,1900,1950,TA,0,2,587,90011.20551
844,32,NPkVill,7,1976,1976,TA,0,1,372,114425.7571
845,84,CollgCr,5,1979,1979,TA,0,2,471,130772.8688
846,49,NridgHt,6,2005,2006,Gd,1,2,487,208207.6234
847,94,Edwards,9,2007,2008,Ex,1,3,795,320056.149
848,80,Gilbert,8,2005,2005,Gd,1,3,827,240247.6711
849,64,Crawfor,5,1956,1956,TA,2,2,511,244916.079
850,88,NAmes,5,1961,1990,TA,1,2,468,156852.4708
851,,CollgCr,6,2003,2003,Gd,0,2,447,137912.3116
852,84,NridgHt,8,2004,2005,Ex,1,3,883,274915.2836
853,67,Gilbert,7,2004,2005,Gd,1,2,461,215160.6726
854,76,CollgCr,7,1999,1999,Gd,0,2,542,201205.8317
855,74,NAmes,5,1962,1962,TA,1,1,315,120932.1843
856,84,Mitchel,8,1994,1995,Gd,2,2,509,267079.3133
857,76,Edwards,5,1956,1956,TA,0,1,367,118457.2201
858,85,NAmes,4,1957,1957,TA,0,1,379,109251.5228
859,60,SWISU,6,1930,1950,TA,0,1,187,91034.8255
860,105,ClearCr,6,1988,1989,TA,1,2,548,211279.407
861,52,Timber,7,1990,1991,Gd,1,2,427,187766.0498
862,60,Edwards,5,1946,1950,TA,0,0,27,96048.80116
863,56,NridgHt,9,2008,2008,Ex,1,2,566,243893.2837
864,,Sawyer,5,1967,1967,TA,0,1,315,125555.9787
865,131,Edwards,5,1959,1996,Ex,2,2,651,275473.2037
866,52,MeadowV,5,1976,1976,TA,1,2,599,130120.5126
867,121,Timber,9,2008,2008,Ex,1,3,807,349442.801
868,63,SawyerW,6,1993,1993,Gd,0,2,557,154057.6301
869,58,BrkSide,5,1958,2008,TA,0,0,27,116644.2798
870,,NWAmes,6,1967,1976,TA,1,2,507,197931.0909
871,81,NAmes,6,1957,1999,Gd,0,1,342,138822.3217
872,90,Mitchel,6,1974,1974,TA,1,2,555,148309.2535
873,59,BrkSide,3,1945,1950,Fa,0,0,27,61672.86262
874,,Edwards,4,1940,1950,TA,0,2,566,82750.65587
875,78,NAmes,5,1959,1959,TA,1,1,823,143143.567
876,83,OldTown,5,1946,1950,TA,1,3,896,142969.6596
877,58,IDOTRR,6,1937,1950,TA,1,1,225,119644.7912
878,59,BrkSide,5,1936,1950,TA,0,2,603,141578.5171
879,,Gilbert,7,2006,2006,Gd,0,3,644,246064.8141
880,58,OldTown,6,1938,2000,Fa,0,1,267,116564.792
881,58,Edwards,6,1946,1950,Gd,1,1,267,153499.7824
882,38,Somerst,7,2005,2005,Gd,0,2,507,151050.7773
883,83,Sawyer,5,1965,1965,TA,0,2,531,131767.5189
884,,NWAmes,6,1984,1984,TA,0,2,507,150705.6324
885,86,Crawfor,5,1949,2005,Fa,1,1,322,138480.1236
886,32,NPkVill,7,1975,1975,TA,0,1,335,107777.3632
887,90,NoRidge,7,1995,1995,Gd,1,3,748,290223.9743
888,29,BrDale,6,1971,1971,TA,0,1,291,85524.26042
889,93,NAmes,6,1961,1961,Gd,1,2,395,179088.0703
890,95,Gilbert,7,2004,2004,Gd,1,2,427,177218.9495
891,58,Edwards,5,1975,1975,TA,0,0,27,103608.9425
892,79,Sawyer,6,1977,1977,TA,1,2,555,143501.7214
893,86,Somerst,8,2007,2007,Gd,1,3,785,245025.8426
894,84,NAmes,7,1958,2001,TA,1,2,522,179909.7437
895,139,NridgHt,9,2004,2005,Ex,1,3,843,350159.0053
896,121,NAmes,5,1935,2007,Gd,0,3,1227,185960.2139
897,,Mitchel,6,1977,1977,Gd,2,2,741,196008.3753
898,58,BrkSide,5,1925,1997,TA,1,1,243,117028.7422
899,68,NAmes,5,1951,1951,TA,1,2,603,115687.3264
900,83,Somerst,6,2009,2009,Gd,0,2,703,208481.7242
901,,Edwards,5,1978,1978,TA,0,1,279,140338.5259
902,71,Gilbert,6,1998,1998,TA,1,2,420,163340.0806
903,100,NoRidge,8,1994,1994,Gd,1,3,871,290027.0747
904,86,NAmes,6,1949,1950,TA,1,1,342,143086.151
905,58,BrkSide,3,1946,1950,Gd,0,0,27,62473.5186
906,68,CollgCr,5,1994,1994,TA,0,1,411,145061.3823
907,64,OldTown,5,1920,1990,TA,1,1,207,95143.67968
908,73,Edwards,6,1976,1976,TA,1,2,555,135632.2306
909,63,NAmes,5,1956,1956,TA,0,2,711,123704.9414
910,87,NAmes,5,1953,1953,TA,0,1,297,123029.1402
911,95,NridgHt,9,2008,2008,Ex,1,3,954,333335.5165
912,29,BrDale,6,1972,2007,Gd,0,1,291,118152.6796
913,86,NWAmes,6,1972,2006,Gd,1,2,703,197583.1474
914,96,Timber,7,2008,2008,Gd,1,3,687,218435.9744
915,58,IDOTRR,4,1925,1950,Fa,0,1,299,74782.42053
916,49,StoneBr,8,2001,2002,Ex,1,2,709,286337.2201
917,88,Timber,7,2002,2003,Gd,1,2,537,215066.056
918,76,SawyerW,6,2003,2003,Gd,0,2,569,194711.9144
919,58,NAmes,6,1948,2002,TA,1,1,267,132019.417
920,68,NAmes,5,1952,1952,Fa,0,1,345,123273.0446
921,65,CollgCr,7,1998,1999,Gd,0,2,554,188246.1594
922,68,OldTown,4,1910,1950,TA,1,2,675,121152.4691
923,,Somerst,7,2003,2003,Gd,0,2,523,144848.8074
924,,NWAmes,6,1963,1963,TA,2,2,555,143025.1555
925,59,BrkSide,2,1936,1950,Fa,1,0,27,60341.7983
926,94,CollgCr,7,2005,2006,Gd,0,3,892,221862.6068
927,68,Edwards,5,1941,1960,TA,0,2,687,117165.7187
928,,Sawyer,5,1967,1967,TA,0,1,297,126395.9417
929,32,NPkVill,6,1975,1975,TA,0,2,487,143759.9369
930,42,NridgHt,6,2005,2006,Gd,1,2,658,199844.3659
931,88,NAmes,5,1967,1967,TA,0,1,595,146865.2764
932,49,CollgCr,7,2004,2005,Gd,1,2,461,195192.5012
933,68,NAmes,5,1954,1954,TA,0,1,377,110821.9272
934,55,NAmes,5,1957,1997,TA,2,1,346,207730.8793
935,104,SawyerW,7,2004,2004,Gd,0,2,505,198841.6453
936,,Timber,7,2003,2004,Gd,1,2,479,282137.5491
937,104,NridgHt,8,2008,2008,Ex,1,3,801,394828.0788
938,71,OldTown,4,1940,1985,TA,0,2,467,120523.9408
939,,NPkVill,6,1976,1976,TA,0,2,467,143755.0049
940,68,NAmes,5,1950,1950,TA,1,1,384,104413.4161
941,68,NAmes,3,1950,1950,TA,0,2,427,93515.00572
942,74,IDOTRR,4,1896,1950,TA,0,1,357,75154.49245
943,51,Blmngtn,7,2005,2006,Gd,0,2,467,168271.2206
944,29,BrDale,6,1972,1972,TA,0,1,379,103034.8034
945,,Gilbert,7,1999,1999,Gd,1,2,517,225097.3347
946,58,BrkSide,6,1947,1950,TA,2,2,447,159325.5071
947,46,Veenker,8,1996,1996,Ex,2,2,527,245627.0111
948,63,OldTown,5,1930,1950,TA,1,0,27,87297.69063
949,40,Mitchel,6,1997,1997,TA,0,2,419,152510.5224
950,96,Sawyer,5,1961,1995,Gd,0,2,603,148040.4044
951,,Mitchel,6,1977,1977,TA,1,2,555,201820.1136
952,58,BrkSide,5,1939,1998,TA,0,1,251,134557.8676
953,,Timber,6,1999,2000,Gd,0,2,462,216436.3549
954,67,Edwards,5,1955,1955,TA,0,1,327,135537.6004
955,,Crawfor,7,1940,1950,TA,2,2,427,218542.368
956,68,Edwards,4,1954,1954,TA,1,1,307,119134.6044
957,,OldTown,5,1920,1962,TA,0,1,342,108608.1818
958,78,Crawfor,8,1932,1994,Gd,2,2,467,315129.022
959,88,Somerst,8,2006,2007,Gd,0,2,511,188959.6129
960,43,Blueste,8,1989,1989,Gd,1,2,558,165467.0081
961,68,NAmes,3,1950,1950,TA,0,2,427,92989.03288
962,,NoRidge,10,2001,2002,Ex,2,3,831,466606.9906
963,71,Gilbert,7,1996,1996,Gd,0,2,447,175016.4211
964,73,CollgCr,7,2007,2007,Gd,1,2,511,173497.3507
965,,Sawyer,5,1967,1967,TA,1,2,555,148665.5587
966,68,NAmes,5,1953,2006,Ex,0,1,363,153188.5524
967,,Crawfor,8,1935,1997,Gd,2,3,1041,381152.8201
968,,CollgCr,8,2003,2003,Gd,1,2,597,245250.5392
969,90,NridgHt,9,2005,2006,Ex,1,2,548,344562.5473
970,65,CollgCr,5,1996,1996,TA,0,2,603,148107.1902
971,92,Somerst,9,2006,2006,Ex,1,3,815,320333.8897
972,88,CollgCr,8,2003,2003,Gd,1,3,877,296923.5303
973,68,OldTown,4,1925,1993,TA,0,2,607,128148.4879
974,68,IDOTRR,4,1895,1950,TA,0,1,212,75809.23747
975,88,Crawfor,5,1977,1977,Gd,1,2,648,217519.375
976,70,Somerst,7,2004,2005,Gd,0,2,427,185155.5894
977,99,NoRidge,7,1993,1994,Gd,1,3,810,288250.3354
978,88,NAmes,5,1960,1960,TA,2,1,378,146609.1127
979,106,BrkSide,5,1920,1950,TA,1,2,522,144001.7296
980,128,IDOTRR,3,1935,1950,TA,0,3,1275,81019.84861
981,73,SawyerW,6,1992,1992,Gd,0,2,511,176004.2735
982,68,BrkSide,6,1941,1950,TA,1,2,467,131119.7699
983,,NAmes,6,1954,1954,TA,0,2,479,159084.3866
984,69,NAmes,6,1969,2005,Gd,0,2,467,156001.5644
985,59,BrkSide,5,1931,1993,TA,0,1,207,105069.6239
986,67,Gilbert,6,2007,2007,Gd,0,2,599,168758.9789
987,72,Gilbert,7,1999,1999,TA,1,2,437,170288.8777
988,118,NridgHt,8,2006,2007,Ex,1,3,697,327093.102
989,53,CollgCr,6,1999,1999,TA,1,2,557,199931.4177
990,68,CollgCr,5,1972,1972,TA,0,1,379,124901.2622
991,68,OldTown,7,1890,1998,TA,0,2,731,159531.7909
992,58,BrkSide,6,1937,2000,TA,0,2,651,135088.155
993,78,NAmes,5,1955,1955,TA,2,1,417,121150.6525
994,68,OldTown,5,1948,1950,TA,0,1,267,143337.1065
995,80,NAmes,5,1957,1996,Gd,1,1,474,134457.2815
996,58,OldTown,5,1947,1950,TA,0,1,267,110052.3724
997,68,Edwards,4,1955,1955,TA,1,1,382,97968.76718
998,88,NAmes,6,1955,1972,TA,2,1,391,153177.5142
999,32,BrDale,6,1973,1973,TA,0,2,467,101122.0918
1000,55,NridgHt,6,2005,2005,Gd,1,2,511,200469.3365
1001,76,CollgCr,5,1972,1972,TA,0,2,511,123852.9382
1002,68,IDOTRR,5,1920,1950,TA,0,1,365,67261.30421
1003,65,StoneBr,8,1995,1996,Gd,0,2,555,245254.1106
1004,88,NWAmes,6,1971,1971,TA,0,2,468,159670.722
1005,100,NoRidge,8,1999,2007,Gd,1,3,698,290397.5345
1006,58,Mitchel,5,1971,1971,TA,0,0,27,112898.7218
1007,48,CollgCr,5,1975,2001,TA,0,2,467,171584.9552
1008,65,OldTown,5,1939,1950,TA,1,2,427,138523.6184
1009,78,Mitchel,5,2007,2007,TA,0,0,27,147096.221
1010,79,Sawyer,5,1977,1977,TA,0,2,511,135033.0456
1011,,NAmes,5,1971,2008,TA,1,2,527,150265.0895
1012,43,Somerst,7,2006,2007,Gd,0,2,555,164767.0829
1013,,Gilbert,6,2002,2002,Gd,2,2,467,216707.2239
1014,78,NAmes,6,1957,1957,TA,2,2,469,156514.9259
1015,66,OldTown,7,1900,1970,TA,0,2,603,150008.2525
1016,72,CollgCr,5,2005,2005,Gd,0,2,427,164089.7335
1017,99,Sawyer,6,1954,1995,Gd,1,2,521,148068.2377
1018,78,CollgCr,7,2004,2005,Gd,1,2,511,216840.1889
1019,101,Timber,8,2006,2007,Gd,1,3,739,283509.0418
1020,67,Gilbert,7,2005,2005,Gd,0,2,427,190015.8846
1021,88,NWAmes,7,1970,1970,TA,1,2,557,174229.5212
1022,86,Somerst,8,2008,2009,Ex,1,3,867,287155.4737
1023,,Veenker,7,1990,1990,Gd,1,2,591,257467.8417
1024,93,NAmes,5,1966,1966,TA,1,2,511,160014.5941
1025,128,IDOTRR,6,1963,1963,TA,1,2,685,179770.7145
1026,52,Crawfor,8,2006,2007,Gd,1,2,565,235061.473
1027,61,Crawfor,7,1941,1950,TA,2,1,267,164038.2051
1028,83,NAmes,5,1959,2002,Gd,0,2,651,150780.8827
1029,107,NridgHt,8,2004,2004,Ex,1,3,943,349710.5148
1030,78,NAmes,5,1960,1960,TA,0,1,431,127027.297
1031,,BrkSide,6,1938,1950,TA,1,2,555,142039.1657
1032,83,Edwards,5,1966,1966,TA,0,1,291,118890.827
1033,97,NAmes,5,1951,1951,TA,0,2,555,138165.0064
1034,,Mitchel,5,1999,1999,TA,1,2,713,166077.287
1035,59,SWISU,5,1931,1950,TA,1,0,27,104679.7953
1036,58,CollgCr,6,1977,1977,TA,0,1,344,145779.8998
1037,68,NAmes,4,1960,1960,TA,1,2,423,128433.8445
1038,68,BrkSide,4,1970,1970,TA,0,2,603,129007.8782
1039,,Gilbert,6,2000,2000,TA,1,2,487,172535.9923
1040,32,Somerst,7,2004,2005,Gd,0,2,507,158392.4654
1041,83,IDOTRR,5,1958,1958,TA,0,1,383,143741.7473
1042,73,SawyerW,6,2004,2004,Gd,0,2,547,173129.7661
1043,89,Crawfor,7,1929,1950,TA,1,2,478,198772.9609
1044,81,Gilbert,7,2007,2007,Gd,0,2,463,176609.9165
1045,51,Blmngtn,7,2005,2006,Gd,1,2,424,160553.7567
1046,63,Mitchel,6,1976,1976,TA,0,2,601,151289.3898
1047,,NridgHt,8,2007,2007,Ex,1,3,801,306378.7188
1048,71,SawyerW,6,2005,2005,TA,0,2,511,142511.5899
1049,98,NAmes,5,1966,1966,TA,0,2,531,147718.391
1050,93,CollgCr,7,2007,2007,Gd,0,3,841,210230.8085
1051,74,NAmes,5,1952,2003,TA,0,1,307,134136.7676
1052,,OldTown,5,1952,1952,TA,0,1,447,107712.9131
1053,74,Edwards,6,1918,1950,TA,1,2,423,185125.4633
1054,68,IDOTRR,6,1935,1982,TA,0,0,27,84550.78212
1055,88,NAmes,5,1950,2007,Gd,1,1,291,147095.4495
1056,84,SawyerW,6,1993,1993,Gd,0,2,533,187260.6322
1057,49,Crawfor,8,2005,2006,Ex,1,2,522,323479.1237
1058,118,Crawfor,4,1930,2003,Gd,1,1,258,157932.5726
1059,68,Edwards,4,1941,1950,Fa,0,1,307,80034.98489
1060,67,Crawfor,8,2006,2007,Gd,1,2,522,288925.1764
1061,78,Crawfor,7,1932,1990,Gd,2,3,606,209616.0596
1062,73,Gilbert,7,2004,2005,Gd,0,2,464,190017.4313
1063,81,Timber,5,2006,2007,Gd,0,2,427,167501.7983
1064,78,Gilbert,6,1997,1997,TA,1,2,440,185005.6651
1065,72,CollgCr,7,2004,2004,Gd,0,2,547,185918.4309
1066,68,Edwards,5,1938,2007,Ex,0,0,27,106864.0685
1067,45,Somerst,7,2004,2005,Gd,0,2,522,175713.4723
1068,68,OldTown,5,1925,1994,Gd,0,1,277,125310.3159
1069,78,NAmes,5,1959,1959,Gd,1,2,474,165935.341
1070,88,Edwards,4,2003,2004,TA,0,2,467,140003.3861
1071,78,OldTown,7,1910,2005,TA,0,2,459,161921.1774
1072,108,Mitchel,5,1967,1967,TA,0,2,603,143076.0596
1073,,NAmes,5,1959,2006,Gd,1,2,603,162135.862
1074,50,OldTown,3,1905,1950,TA,0,1,243,101057.1051
1075,80,CollgCr,7,2003,2003,Gd,0,2,527,180082.6875
1076,67,StoneBr,9,2005,2006,Ex,1,3,697,451668.7655
1077,88,Mitchel,5,2002,2002,Gd,1,3,677,183310.2507
1078,96,Gilbert,6,2005,2005,Gd,0,2,415,190783.7808
1079,78,SawyerW,6,1997,1998,TA,0,2,715,180233.7767
1080,102,CollgCr,7,2009,2009,Gd,0,3,767,198929.2439
1081,98,NAmes,6,1967,1967,TA,0,2,577,162212.024
1082,78,NridgHt,7,2005,2006,Gd,0,3,905,258862.6603
1083,,StoneBr,8,1986,1986,Gd,0,2,488,170002.5584
1084,74,IDOTRR,4,1900,1950,TA,0,1,411,102794.1165
1085,80,Mitchel,6,1977,1977,TA,2,2,568,177788.6341
1086,68,OldTown,4,1900,2000,TA,0,0,27,106427.5384
1087,,NoRidge,8,1993,1993,Gd,1,3,823,310399.8723
1088,68,NAmes,5,1952,2005,Gd,0,1,257,138349.1332
1089,75,Edwards,4,1923,2008,Gd,0,1,232,118634.6215
1090,68,SWISU,5,1915,1950,TA,0,0,27,105848.4405
1091,,SawyerW,6,1993,1997,Gd,0,2,519,196283.3935
1092,72,CollgCr,7,2006,2006,Gd,0,2,659,206287.9014
1093,68,OldTown,4,1885,1950,TA,0,2,587,122858.739
1094,101,NridgHt,8,2007,2007,Ex,1,3,955,318043.4285
1095,73,Edwards,4,1955,1955,Fa,0,0,27,82000.45786
1096,78,NAmes,5,1956,2000,TA,0,1,279,132127.57
1097,98,SawyerW,7,1990,1990,Gd,2,3,621,320001.7
1098,,Sawyer,5,1963,1963,Gd,0,2,467,136203.5271
1099,68,CollgCr,5,1972,1972,TA,0,2,627,123183.1234
1100,,Gilbert,7,1999,1999,Gd,1,2,417,214105.3214
1101,68,OldTown,5,1910,1981,TA,0,2,467,110360.855
1102,73,CollgCr,6,1995,1995,Gd,1,2,500,167135.9291
1103,68,NAmes,5,1962,1962,TA,0,1,321,104555.3512
1104,138,NWAmes,6,1968,1968,TA,0,2,555,160838.579
1105,81,CollgCr,7,2006,2006,Gd,0,2,702,204903.4184
1106,68,OldTown,5,1920,1950,TA,1,2,747,120204.1175
1107,83,Somerst,8,2008,2008,Gd,0,2,703,210116.2198
1108,67,NridgHt,7,2004,2004,Gd,1,2,511,207038.2557
1109,43,Edwards,5,2005,2005,TA,0,2,552,145277.3021
1110,103,CollgCr,8,2008,2008,Gd,0,3,837,224478.5039
1111,,NAmes,6,1960,1960,TA,2,2,525,157925.4557
1112,58,OldTown,8,1890,2002,Gd,0,2,651,190722.4484
1113,92,Edwards,4,1946,1950,TA,0,1,363,84056.2144
1114,65,Gilbert,7,1996,1997,TA,1,2,433,175181.4205
1115,89,Sawyer,5,1956,1998,TA,1,1,350,146388.5388
1116,88,Somerst,7,2002,2002,Gd,1,2,623,227222.7317
1117,88,NAmes,6,1959,1959,Gd,0,2,555,142071.7323
1118,67,IDOTRR,5,1920,1997,TA,0,1,495,147116.1919
1119,,CollgCr,8,2001,2002,Gd,1,2,697,272084.8296
1120,78,CollgCr,7,2001,2001,Gd,0,2,600,178152.707
1121,58,BrkSide,5,1924,2003,TA,1,2,397,118869.8125
1122,68,OldTown,6,1910,1998,TA,1,2,533,134049.7852
1123,101,NoRidge,8,1998,1998,Gd,1,2,447,258014.8593
1124,29,BrDale,6,1970,1970,TA,0,1,307,106134.8773
1125,74,Crawfor,6,1926,1950,TA,1,1,396,145564.2625
1126,,CollgCr,7,2000,2000,Gd,1,3,866,235001.0271
1127,29,MeadowV,4,1970,1970,TA,0,0,27,78985.29368
1128,98,Crawfor,5,1953,1953,TA,2,1,402,157019.2549
1129,58,Sawyer,4,1946,2001,Fa,0,1,247,91107.01101
1130,,CollgCr,8,2001,2002,Gd,1,3,775,275194.4282
1131,72,CollgCr,7,2006,2006,Gd,1,2,511,182164.7472
1132,71,SawyerW,6,2005,2006,Gd,0,0,27,137470.0383
1133,66,NoRidge,7,1998,1998,TA,0,2,513,221199.1309
1134,,Timber,5,1965,1965,TA,2,2,556,229344.9496
1135,78,CollgCr,6,2003,2003,Gd,0,2,571,200264.8618
1136,78,IDOTRR,4,1930,1950,Fa,0,0,27,55093.72542
1137,68,OldTown,6,1900,2004,Gd,0,2,427,142246.5809
1138,93,NridgHt,8,2003,2004,Gd,1,3,907,284096.5984
1139,82,Edwards,5,1925,1950,TA,1,2,603,136282.9971
1140,83,CollgCr,7,1997,1997,Gd,1,2,648,215573.7195
1141,88,NAmes,6,1958,1988,TA,1,1,365,139013.956
1142,78,Sawyer,6,1978,1978,TA,1,2,467,172674.3898
1143,68,BrkSide,4,1927,1950,Fa,0,1,267,68769.88804
1144,72,SawyerW,5,1979,1979,TA,0,2,427,118869.2951
1145,68,Edwards,5,1957,2006,TA,1,1,279,120055.7286
1146,68,Mitchel,5,1982,2003,TA,0,2,843,138049.5053
1147,78,NAmes,5,1955,1975,TA,1,1,337,155010.0224
1148,118,NridgHt,8,2007,2007,Gd,1,3,965,368266.2851
1149,,Sawyer,5,1965,1965,TA,0,1,335,126984.997
1150,29,BrDale,6,1973,1973,TA,0,1,291,113176.3659
1151,97,NridgHt,9,2007,2008,Ex,1,3,971,325672.0133
1152,86,Somerst,8,2008,2008,Gd,1,3,753,258120.9905
1153,78,NAmes,5,1960,2002,TA,0,1,281,135003.0957
1154,,NWAmes,6,1969,1969,TA,0,2,507,145753.4867
1155,86,NWAmes,7,1967,1967,TA,0,2,504,171308.3974
1156,83,CollgCr,8,2002,2002,Gd,1,2,604,237233.1337
1157,71,SawyerW,6,2004,2004,Gd,0,0,27,135613.5859
1158,76,Timber,8,2006,2007,Ex,1,2,529,246256.3375
1159,88,NAmes,5,1955,1955,TA,0,1,327,132907.9564
1160,73,Mitchel,6,1978,1978,TA,0,2,643,147276.1308
1161,86,NWAmes,5,1975,1975,TA,0,2,522,153531.3141
1162,68,NAmes,4,1971,2006,TA,0,2,603,123419.8886
1163,79,CollgCr,8,2007,2007,Gd,1,3,897,240482.5222
1164,83,Mitchel,8,2000,2001,Gd,1,3,669,246309.86
1165,80,Edwards,6,1915,1950,TA,0,2,555,93823.18329
1166,56,OldTown,3,1920,1950,Fa,0,1,277,73198.06229
1167,58,BrkSide,5,1948,2001,TA,0,1,267,127205.0382
1168,73,CollgCr,7,2004,2004,Gd,0,2,511,210114.0588
1169,78,Edwards,5,1955,1999,Gd,0,1,315,132515.2362
1170,,Somerst,6,2008,2008,Gd,1,2,668,190249.8462
1171,,NAmes,5,1965,1965,TA,1,2,576,175754.0129
1172,72,Edwards,4,1959,1959,TA,0,1,347,97832.65203
1173,43,Somerst,9,1999,2000,Ex,1,2,511,252732.536
1174,,SawyerW,7,1988,1988,Gd,1,2,646,222318.5678
1175,83,OldTown,10,1893,2000,Gd,1,2,907,325119.7265
1176,90,Crawfor,6,1946,1950,TA,0,2,519,145043.4189
1177,93,Somerst,10,2008,2008,Ex,1,3,839,310001.6725
1178,58,BrkSide,5,1925,1950,TA,0,5,1211,122032.8375
1179,,NWAmes,7,1976,1976,TA,1,2,623,169378.2356
1180,72,IDOTRR,2,1939,1950,TA,0,1,283,60703.95097
1181,83,Edwards,4,1954,1954,TA,1,2,531,138278.7078
1182,98,CollgCr,9,2002,2002,Gd,1,3,729,285139.6251
1183,,NWAmes,6,1968,1968,Gd,1,2,489,185912.1462
1184,,Edwards,4,1954,1954,TA,0,2,525,104626.1907
1185,102,Edwards,6,1976,1976,TA,1,2,699,107042.7692
1186,75,SWISU,5,1924,1999,Fa,1,1,287,114261.1928
1187,93,Edwards,5,1940,2007,Fa,2,0,27,163318.7367
1188,76,NridgHt,9,2007,2007,Ex,1,2,644,318294.0322
1189,48,IDOTRR,4,1922,2007,Gd,0,1,267,125697.4825
1190,,NAmes,7,1972,2004,Gd,0,2,511,184079.2102
1191,,Crawfor,6,1960,1960,TA,3,2,607,203262.4039
1192,76,Edwards,5,1956,1956,TA,0,1,623,129213.0622
1193,82,Mitchel,5,1984,1984,TA,0,2,511,125655.7432
1194,68,NAmes,5,1949,2003,Gd,0,2,603,135395.1146
1195,88,NAmes,5,1947,1950,TA,0,1,363,118749.9237
1196,93,NWAmes,7,1974,1974,Gd,2,2,555,170161.6292
1197,59,Crawfor,6,1921,2005,TA,1,1,267,152669.3751
1198,50,MeadowV,6,1973,1973,TA,1,2,603,151461.1565
1199,73,SawyerW,7,2001,2001,Gd,1,2,554,189093.9413
1200,83,Somerst,7,2003,2004,Gd,1,2,642,263154.7984
1201,68,Edwards,6,1939,1950,TA,0,1,307,105029.0676
1202,67,BrkSide,6,1900,2000,TA,0,1,227,118149.7132
1203,68,OldTown,7,1928,2005,Gd,1,2,387,161003.9941
1204,98,CollgCr,8,2002,2002,Gd,1,2,613,255018.8276
1205,68,OldTown,4,1953,1953,TA,0,2,603,93002.82645
1206,53,Edwards,4,1922,1950,TA,1,0,27,85548.09008
1207,78,CollgCr,7,1994,1995,Gd,1,2,520,210380.5479
1208,68,CollgCr,5,1978,1978,TA,0,0,27,124069.4641
1209,108,Crawfor,6,1954,1954,TA,2,2,603,207782.7187
1210,,Gilbert,6,1994,1994,TA,1,2,425,174903.4795
1211,78,CollgCr,5,1972,2007,TA,0,2,423,133148.1826
1212,74,SawyerW,6,1983,1983,Gd,1,2,603,154367.714
1213,115,NridgHt,9,2006,2007,Ex,1,3,759,415457.6578
1214,79,NAmes,5,1965,1998,Gd,0,2,911,146220.6415
1215,,Gilbert,8,2002,2002,Gd,1,3,671,256401.7142
1216,93,Somerst,7,2007,2007,Gd,1,2,507,226052.3969
1217,55,OldTown,4,1945,1950,TA,0,1,247,80256.85364
1218,60,IDOTRR,4,1910,2000,TA,0,1,222,69123.10846
1219,78,OldTown,6,1930,2005,Gd,0,1,297,110027.4416
1220,55,CollgCr,7,1999,1999,Gd,1,2,624,223744.0017
1221,190,Gilbert,7,2004,2004,Gd,1,3,657,259009.1455
1222,68,Gilbert,6,1997,1998,TA,1,2,427,186541.3656
1223,59,BrkSide,5,1938,1950,TA,1,1,277,135340.7444
1224,176,Gilbert,7,2006,2006,Gd,1,2,449,274822.7455
1225,89,NAmes,6,1958,1958,Gd,0,1,339,154494.1054
1226,,Sawyer,5,1970,1970,Gd,0,3,939,149150.6924
1227,32,Somerst,7,2005,2005,Gd,0,2,507,147637.9968
1228,58,OldTown,5,1924,1950,Gd,0,2,477,136080.997
1229,91,Somerst,7,2007,2007,Gd,0,3,981,248412.2106
1230,93,Timber,8,2002,2003,Gd,1,3,835,270208.8656
1231,70,Somerst,7,2007,2008,Gd,0,2,489,215059.5145
1232,68,NAmes,5,1974,1974,TA,0,0,27,136269.7555
1233,,CollgCr,6,2004,2004,Gd,0,2,447,143253.1933
1234,58,Mitchel,5,1972,1972,TA,0,1,363,127708.7714
1235,,Sawyer,5,1961,1961,TA,0,2,599,128549.9715
1236,208,Mitchel,3,1953,1953,TA,0,4,1068,153093.6314
1237,58,IDOTRR,4,1939,1950,TA,0,1,291,100192.9037
1238,87,Somerst,7,2001,2001,TA,1,2,573,224420.0899
1239,88,Somerst,8,2007,2008,Gd,1,3,907,283289.424
1240,88,CollgCr,7,2001,2001,Gd,1,2,591,231555.3713
1241,,CollgCr,7,1997,1998,TA,1,2,540,195042.5641
1242,85,StoneBr,9,2005,2007,Ex,1,3,683,325010.3555
1243,,NAmes,5,1960,1978,TA,1,1,313,140000.3419
1244,67,Gilbert,7,2004,2005,Gd,1,2,460,191310.8969
1245,101,NWAmes,7,1978,1985,Gd,1,2,690,207740.0039
1246,78,SawyerW,6,1992,1993,Gd,0,2,489,183605.5203
1247,73,CollgCr,9,2008,2008,Ex,1,3,873,303310.539
1248,29,MeadowV,4,1973,1973,TA,1,1,324,98314.17182
1249,36,StoneBr,8,2004,2005,Gd,1,2,591,336967.8549
1250,104,Gilbert,8,2004,2005,Gd,1,3,659,262271.9461
1251,,NAmes,4,1971,1971,TA,0,1,711,110117.7938
1252,77,OldTown,5,1957,1957,Gd,0,2,578,153037.1332
1253,68,NAmes,5,1962,1962,TA,0,1,335,109570.0018
1254,,CollgCr,8,2002,2002,Gd,1,2,806,255948.1068
1255,128,Sawyer,6,1964,1964,TA,0,2,603,157942.3866
1256,,CollgCr,6,2003,2003,Gd,0,2,447,140030.1605
1257,116,NWAmes,7,1972,1987,Gd,1,2,542,208820.0248
1258,68,IDOTRR,7,1950,2005,Gd,2,1,326,203846.8643
1259,98,OldTown,5,1948,1973,TA,0,2,839,153672.6753
1260,,NoRidge,8,1992,1993,Gd,1,2,573,430174.365
1261,80,Somerst,8,2007,2007,Gd,0,2,617,239824.4688
1262,43,Somerst,7,2006,2007,Gd,0,2,596,200046.3155
1263,48,OldTown,5,1945,1997,Gd,0,0,27,110526.81
1264,83,Somerst,7,2005,2005,Gd,1,2,716,253091.9186
1265,,Gilbert,7,2000,2000,Gd,1,2,581,236021.253
1266,78,NAmes,5,1958,1958,TA,0,2,603,126933.5227
1267,78,Sawyer,5,1963,1963,TA,0,2,531,125142.6674
1268,68,NridgHt,9,2005,2005,Ex,1,2,583,277530.8796
1269,73,Sawyer,6,1961,1996,Gd,0,1,315,142021.2774
1270,73,CollgCr,7,2005,2006,Gd,0,2,529,203819.2585
1271,118,Crawfor,6,1957,2004,Gd,2,2,443,257500.6928
1272,58,BrkSide,6,1939,1950,TA,2,1,244,130644.1455
1273,59,SWISU,5,1941,1950,TA,0,1,267,100361.6195
1274,68,IDOTRR,3,1915,1950,TA,0,0,27,77148.09988
1275,77,Mitchel,4,1982,2006,TA,0,2,387,129514.0783
1276,68,OldTown,6,1915,1950,TA,1,2,555,162848.2549
1277,81,Somerst,8,2005,2006,Gd,1,3,907,240500.3886
1278,46,Edwards,6,1975,1975,TA,0,0,27,128865.9513
1279,81,Somerst,7,2005,2005,Gd,0,3,861,232125.4522
1280,69,Crawfor,6,1945,2002,Gd,1,1,207,259502.5657
1281,63,NAmes,4,1955,1955,Fa,0,1,379,122580.2679
1282,,Gilbert,6,1995,1996,TA,1,2,458,188047.7883
1283,,BrkSide,5,1935,1950,TA,1,1,267,140194.9294
1284,68,OldTown,4,1910,1950,Gd,0,2,747,108931.7946
1285,,NAmes,5,1967,1967,TA,0,2,533,136853.1103
1286,29,MeadowV,4,1970,1970,TA,0,0,27,92325.99906
1287,,BrkSide,7,1922,2005,Gd,1,1,342,190736.8139
1288,66,SWISU,6,1945,1950,TA,0,1,467,111811.2434
1289,75,Timber,8,2006,2007,Gd,1,3,897,248962.779
1290,,NAmes,4,1960,1960,TA,1,1,339,141184.7179
1291,73,SawyerW,6,1994,1998,Gd,1,2,602,193521.8324
1292,145,NAmes,6,1966,2002,Gd,1,2,605,190028.6695
1293,68,NAmes,3,1929,1950,TA,0,2,687,68322.50225
1294,73,CollgCr,7,2003,2003,Gd,0,2,558,185044.8619
1295,68,Edwards,5,2005,2006,TA,0,2,477,157079.9428
1296,,Somerst,7,2001,2001,Gd,1,2,677,226004.5393
1297,88,NWAmes,6,1977,1977,TA,1,2,657,168029.8991
1298,,Sawyer,5,1977,1977,TA,1,2,627,190088.9208
1299,74,OldTown,7,1930,1950,Gd,1,1,227,100768.6966
1300,130,Gilbert,6,2005,2005,Gd,1,2,427,174032.6202
1301,29,BrDale,6,1971,1971,TA,0,1,291,88213.50594
1302,77,StoneBr,8,2005,2006,Gd,1,3,785,319018.5664
1303,71,SawyerW,6,2004,2004,Gd,0,2,603,158057.5269
1304,73,NAmes,5,1967,1967,TA,0,3,819,124055.6519
1305,,NWAmes,6,1971,1971,TA,1,2,522,169769.9062
1306,68,NAmes,5,1951,2000,Gd,0,2,603,135008.3109
1307,75,NAmes,5,1951,1951,TA,0,2,507,127661.2164
1308,68,NAmes,5,1951,1951,TA,0,2,867,139075.1335
1309,98,OldTown,4,1920,1950,TA,0,1,365,105302.9203
1310,29,MeadowV,4,1970,2002,Gd,0,1,313,86073.45764
1311,29,BrDale,5,1971,1971,TA,0,1,347,93073.74463
1312,32,NPkVill,7,1976,1976,TA,0,1,346,135697.5629
1313,,NWAmes,7,1968,2003,TA,1,2,535,262922.2886
1314,96,Sawyer,5,1961,1961,TA,1,1,411,141094.6943
1315,75,SawyerW,7,2003,2004,Gd,0,2,505,192355.6065
1316,75,SawyerW,7,2003,2003,Gd,0,2,582,184965.6663
1317,73,Somerst,8,2008,2009,Gd,1,2,544,264360.1123
1318,80,NAmes,5,1956,1956,TA,0,1,313,135038.6311
1319,78,NAmes,5,1960,1960,TA,0,1,351,138992.0739
1320,98,NridgHt,9,2003,2004,Ex,3,3,735,360095.5185
1321,88,NAmes,6,1962,2005,Gd,1,2,489,174217.914
1322,,NAmes,6,1960,1993,TA,0,1,428,146646.3934
1323,68,Gilbert,6,2000,2000,TA,1,2,490,179093.665
1324,71,Mitchel,5,1976,1976,TA,0,2,587,188278.2714
1325,71,OldTown,4,1910,1996,TA,0,0,27,110580.5223
1326,72,CollgCr,7,2005,2005,Gd,0,2,659,174258.2436
1327,,NAmes,4,1971,1971,TA,0,0,27,88109.90011
1328,70,Edwards,5,1942,1950,TA,2,1,242,96736.24087
1329,60,Edwards,6,1945,1950,TA,1,1,247,113000.237
1330,86,Mitchel,6,1977,1977,TA,0,2,531,135053.594
1331,,NAmes,4,1956,1956,TA,0,1,310,136115.2976
1332,83,CollgCr,7,1998,1999,Gd,1,2,568,222525.2408
1333,68,NAmes,5,1950,1950,TA,0,2,652,109878.7305
1334,93,NridgHt,7,2003,2004,Gd,1,3,898,284022.1462
1335,74,NAmes,5,1953,2006,Gd,0,1,267,134603.4243
1336,80,Sawyer,5,1971,1972,TA,0,2,603,127702.2065
1337,83,IDOTRR,6,1957,1957,Gd,0,1,411,133747.2684
1338,,NAmes,5,1967,1967,TA,1,1,345,143008.334
1339,,MeadowV,5,1975,1975,TA,0,2,526,122185.095
1340,51,Blmngtn,7,2005,2006,Gd,1,2,464,191085.8743
1341,80,CollgCr,7,2003,2003,Gd,0,2,622,183174.9065
1342,75,Edwards,6,1920,2000,Gd,0,2,555,110156.436
1343,71,CollgCr,7,2005,2005,Gd,1,2,437,189178.3517
1344,44,MeadowV,5,1976,1976,TA,0,1,363,85015.01656
1345,106,StoneBr,8,2005,2005,Ex,1,3,756,370158.6926
1346,83,Sawyer,4,1963,1979,TA,1,2,486,148176.6046
1347,70,Gilbert,6,2006,2006,Gd,1,2,467,174135.6652
1348,68,IDOTRR,5,1912,1991,TA,0,2,603,87580.51657
1349,72,Somerst,6,2003,2003,Gd,0,2,700,207500.4203
1350,82,Crawfor,6,1934,1995,TA,1,1,267,189015.5647
1351,82,NAmes,5,1956,1956,Gd,1,2,423,121983.5636
1352,,NoRidge,7,1994,1994,Gd,1,2,494,248089.4166
1353,83,CollgCr,7,2004,2004,Gd,0,2,497,189969.6909
1354,76,NAmes,6,1953,1953,TA,0,1,320,137914.5685
1355,72,Edwards,5,1976,1976,TA,0,2,531,119748.562
1356,78,NAmes,4,1971,1971,TA,1,0,27,115332.0692
1357,,NAmes,6,1964,1964,TA,1,1,313,144762.6571
1358,59,SWISU,6,1925,1990,Gd,1,1,243,137561.4717
1359,,ClearCr,5,1960,1960,TA,2,2,653,137920.5909
1360,,Gilbert,6,1995,1995,TA,1,2,450,174333.4877
1361,88,Timber,8,2002,2002,Gd,1,3,719,291487.0202
1362,78,Crawfor,7,1950,2000,Gd,2,2,533,261017.8022
1363,82,CollgCr,7,2006,2006,Gd,0,3,853,194033.2138
1364,55,Somerst,7,2006,2007,Gd,1,2,493,208925.6976
1365,76,Edwards,5,1958,1958,TA,0,1,377,60189.49556
1366,59,BrkSide,3,1930,1950,TA,0,1,285,97286.27703
1367,98,OldTown,6,1962,1962,TA,1,2,603,192362.8192
1368,99,CollgCr,7,2006,2007,Gd,1,3,867,279605.017
1369,,NWAmes,7,1988,1988,Gd,0,3,813,229237.9881
1370,68,NAmes,5,1950,1982,TA,0,1,267,138173.3587
1371,82,Gilbert,7,1998,1998,TA,1,2,454,185059.9371
1372,,ClearCr,7,1986,1986,Gd,1,2,472,190235.9984
1373,118,NridgHt,9,2003,2004,Ex,2,3,753,412504.6315
1374,78,CollgCr,7,2002,2002,Gd,1,2,554,192315.8054
1375,,Sawyer,5,1965,1965,TA,0,1,315,137025.0635
1376,,NWAmes,5,1976,1976,Gd,1,2,511,197524.8415
1377,68,NAmes,4,1970,1970,Gd,0,2,687,120519.5358
1378,60,BrkSide,5,1939,1952,TA,0,1,307,126767.2531
1379,58,OldTown,8,1872,1987,TA,0,0,27,122074.5832
1380,93,Timber,8,2002,2002,Gd,1,3,792,312586.312
1381,110,NridgHt,9,2009,2010,Ex,1,3,778,359691.1742
1382,112,NridgHt,9,2008,2009,Ex,2,3,847,485070.5927
1383,71,NAmes,5,1971,1971,TA,0,2,603,117985.6451
1384,43,Somerst,7,1999,1999,Gd,0,2,533,180160.5061
1385,74,NAmes,6,1968,1968,TA,0,1,315,131204.177
1386,,ClearCr,6,1966,1966,TA,1,2,465,197623.7166
1387,86,NWAmes,6,1968,1968,TA,0,2,439,143381.6408
1388,88,NWAmes,6,1971,2004,Gd,0,2,555,145342.1175
1389,93,NAmes,5,1961,1995,Gd,1,2,637,164309.2833
1390,100,NWAmes,7,1977,1977,TA,1,2,561,190210.2007
1391,80,Edwards,6,1976,2001,TA,1,2,467,155750.1554
1392,106,NAmes,5,1962,2001,TA,0,0,27,147704.8865
1393,,NAmes,6,1964,1964,TA,0,2,507,145171.4898
1394,55,StoneBr,8,2003,2003,Ex,1,3,868,538095.94
1395,,CollgCr,5,1978,1978,TA,0,2,555,153201.3291
1396,88,Veenker,6,1976,1994,TA,1,2,539,187160.9783
1397,,Somerst,7,2004,2004,Gd,0,2,507,148808.6457
1398,,Sawyer,6,1978,1978,TA,1,2,467,159073.1927
1399,77,IDOTRR,3,1945,1950,TA,0,0,27,46335.06932
1400,29,MeadowV,4,1970,1970,TA,0,0,27,87713.61531
1401,73,Somerst,6,2005,2005,Gd,0,2,642,187520.8367
1402,,Sawyer,5,1967,1967,TA,1,2,539,161929.3844
1403,47,Sawyer,6,1974,2002,TA,2,2,488,182434.9596
1404,58,SawyerW,6,1980,1980,TA,1,1,291,143073.3992
1405,43,Edwards,6,1975,1975,TA,0,0,27,127504.9152
1406,73,OldTown,5,1958,1958,TA,0,2,651,110422.8891
1407,,Edwards,6,1977,1977,TA,1,2,569,148393.9965
1408,111,NridgHt,8,2005,2006,Ex,1,2,602,306282.1026
1409,88,NAmes,5,1955,1955,TA,0,1,315,136458.432
1410,103,NridgHt,9,2008,2008,Ex,1,3,861,298439.5508
1411,68,OldTown,5,1940,1992,Gd,2,1,267,119346.1646
1412,32,Somerst,8,1999,2000,Gd,0,2,507,207211.0719
1413,93,Sawyer,4,1961,1961,Fa,0,2,571,129066.308
1414,,NAmes,6,1965,1979,TA,1,2,623,129034.3843
1415,,Gilbert,6,1994,1995,Gd,1,2,436,176123.0883
1416,53,CollgCr,5,1977,1977,TA,0,2,775,135657.1865
1417,34,NAmes,7,1999,1999,Gd,1,2,538,191558.6899
1418,108,Gilbert,5,1955,1955,TA,0,2,599,145013.3215
1419,,CollgCr,7,2002,2002,Gd,0,3,927,230109.7586
1420,,SawyerW,7,1988,1989,TA,1,2,481,277276.3077
1421,90,Sawyer,5,1947,1993,TA,0,1,267,104610.42
1422,,Gilbert,8,2003,2003,Gd,1,3,659,274701.1083
1423,34,NAmes,6,1997,1998,Gd,1,2,549,184441.8001
1424,58,BrkSide,5,1958,2000,TA,0,1,335,115804.2887
1425,51,StoneBr,8,1992,1992,Gd,0,2,533,196701.4578
1426,76,Edwards,5,1957,2002,TA,1,1,391,144506.2361
1427,,ClearCr,4,1954,1994,Gd,2,2,556,256105.1167
1428,83,ClearCr,6,1908,1997,TA,1,2,387,240045.9964
1429,64,OldTown,6,2008,2008,TA,0,1,335,111061.1601
1430,59,BrkSide,7,1929,2001,TA,0,2,603,132378.9421
1431,,Veenker,6,1977,1977,TA,1,2,573,165007.6411
1432,68,NAmes,5,1949,1950,TA,1,1,315,133200.6789
1433,58,Veenker,8,1994,1995,Gd,1,2,505,246276.6068
1434,80,Mitchel,5,1977,1977,Gd,1,2,705,144818.2241
1435,116,NoRidge,9,1999,1999,Gd,1,3,806,333548.5719
1436,87,NoRidge,7,1995,1996,Gd,1,2,674,257207.2329
1437,132,Edwards,6,1959,2006,Ex,1,1,339,177163.5003
1438,70,ClearCr,7,1975,1975,Gd,2,2,603,280023.6068
1439,133,NAmes,5,1956,1956,TA,1,1,327,154055.0359
1440,90,Mitchel,5,1991,1991,TA,0,2,699,155852.553
1441,88,NAmes,5,1961,1961,TA,0,1,757,114842.1931
1442,68,BrkSide,5,1926,1950,TA,0,2,603,106564.874
1443,81,NAmes,5,1960,1960,TA,2,2,488,167617.4733
1444,,Timber,6,1996,1996,TA,1,2,598,178758.5026
1445,118,NridgHt,8,2004,2004,Gd,1,3,907,264158.6167
1446,144,NoRidge,8,1998,1998,Gd,1,3,965,322773.67
1447,,Edwards,5,1948,2005,Gd,1,2,603,158003.8822
1448,65,IDOTRR,6,1927,1950,TA,0,1,343,137773.8565
1449,92,NAmes,6,1965,1965,TA,1,2,467,160126.2223
1450,68,IDOTRR,6,1938,1958,TA,1,2,427,139968.9057
1451,117,IDOTRR,2,1910,1950,TA,0,1,307,51310.92309
1452,,NAmes,5,1953,1953,TA,0,2,427,120066.8759
1453,32,Blueste,6,1980,1980,TA,1,2,489,110127.8194
1454,76,Edwards,4,1953,1953,TA,0,1,313,104310.0462
1455,60,OldTown,3,1921,1950,TA,0,1,227,64260.99949
1456,72,CollgCr,6,2005,2005,Gd,0,2,567,173847.9527
1457,,CollgCr,7,1997,1998,Gd,1,2,585,220330.5561
1458,86,Edwards,5,1948,2002,Ex,0,1,257,225002.3252
1459,115,NridgHt,9,2007,2007,Ex,1,3,1067,406749.1969
1460,70,IDOTRR,6,1925,1950,TA,1,1,411,114957.9355
1461,99,SawyerW,7,2005,2006,Gd,0,2,639,192305.3623
1462,68,OldTown,5,1926,1980,TA,0,2,603,101589.4716
1463,58,Crawfor,5,1938,1950,Fa,1,1,267,119783.8615
1464,68,OldTown,7,1914,1970,TA,2,2,347,163000.867
1465,41,OldTown,5,1920,1950,TA,0,0,27,96250.10088
1466,73,NAmes,5,1965,2005,TA,0,2,603,139564.3427
1467,88,Edwards,6,1960,1960,TA,0,2,649,125059.9564
1468,68,OldTown,5,1936,1989,Gd,1,2,593,170057.5002
1469,,OldTown,8,1910,1999,Gd,0,2,843,184268.7096
1470,,Sawyer,5,1967,1967,TA,0,2,555,123466.9059
1471,,Gilbert,6,1952,1952,TA,2,2,522,107940.078
1472,100,StoneBr,9,2005,2006,Ex,1,3,687,406260.0908
1473,,Crawfor,6,1969,1969,Gd,1,2,567,223061.3469
1474,80,Gilbert,6,1997,1998,TA,1,2,497,179273.0415
1475,68,Sawyer,5,1963,1963,TA,0,1,303,97507.82787
1476,58,OldTown,4,1954,2000,TA,0,1,308,108081.485
1477,,Edwards,5,1979,1979,TA,0,2,606,150966.0202
1478,76,NAmes,5,1955,1955,TA,0,1,357,113805.4408
1479,88,CollgCr,7,1998,1998,Gd,0,2,573,197951.0033
1480,81,Gilbert,6,2006,2007,Gd,1,2,459,157149.9874
1481,61,NPkVill,6,1975,1975,TA,1,2,467,142590.6099
1482,71,Gilbert,7,1995,1996,TA,1,2,429,176239.4861
1483,54,Timber,7,1987,1987,Gd,2,2,539,200502.9516
1484,75,Edwards,4,1938,1958,TA,1,1,315,100109.759
1485,82,Gilbert,5,1997,1998,TA,1,2,509,181278.5685
1486,89,Edwards,6,1990,1990,TA,0,0,27,118755.2713
1487,,NWAmes,7,1977,1994,Gd,1,2,566,235172.6108
1488,81,Edwards,4,1965,1965,TA,0,1,459,94809.83608
1489,72,CollgCr,7,2006,2006,Gd,0,2,659,194005.5663
1490,68,Edwards,2,1922,1955,TA,0,1,243,50411.84569
1491,58,OldTown,5,1948,1950,TA,0,1,277,115163.9961
1492,,NWAmes,5,1976,1976,TA,0,2,555,136962.2881
1493,76,NAmes,5,1967,1967,TA,1,1,315,123029.7334
1494,68,OldTown,7,1920,2006,Gd,1,0,27,108287.9056
1495,78,NAmes,5,1958,1958,TA,0,1,291,112244.5141
1496,85,NAmes,6,1962,1981,Gd,1,2,467,159138.6579
1497,68,IDOTRR,6,1927,1950,TA,0,1,411,119947.3062
1498,78,NAmes,5,1962,1962,TA,0,1,363,107163.7792
1499,73,OldTown,7,1880,2003,Gd,1,4,891,266047.6284
